--
-- PostgreSQL database dump
--

SET statement_timeout = 0;
SET client_encoding = 'UTF8';
SET standard_conforming_strings = on;
SET check_function_bodies = false;
SET client_min_messages = warning;

--
-- Name: plpgsql; Type: EXTENSION; Schema: -; Owner: 
--

CREATE EXTENSION IF NOT EXISTS plpgsql WITH SCHEMA pg_catalog;


--
-- Name: EXTENSION plpgsql; Type: COMMENT; Schema: -; Owner: 
--

COMMENT ON EXTENSION plpgsql IS 'PL/pgSQL procedural language';


SET search_path = public, pg_catalog;

SET default_tablespace = '';

SET default_with_oids = false;

--
-- Name: clubs; Type: TABLE; Schema: public; Owner: daniel; Tablespace: 
--

CREATE TABLE clubs (
    id integer NOT NULL,
    name character varying(255),
    address character varying(255),
    number_of_tables integer,
    created_at timestamp without time zone,
    updated_at timestamp without time zone,
    phone character varying(255),
    email character varying(255),
    web_page character varying(255)
);


ALTER TABLE public.clubs OWNER TO daniel;

--
-- Name: clubs_id_seq; Type: SEQUENCE; Schema: public; Owner: daniel
--

CREATE SEQUENCE clubs_id_seq
    START WITH 1
    INCREMENT BY 1
    NO MINVALUE
    NO MAXVALUE
    CACHE 1;


ALTER TABLE public.clubs_id_seq OWNER TO daniel;

--
-- Name: clubs_id_seq; Type: SEQUENCE OWNED BY; Schema: public; Owner: daniel
--

ALTER SEQUENCE clubs_id_seq OWNED BY clubs.id;


--
-- Name: enter; Type: TABLE; Schema: public; Owner: daniel; Tablespace: 
--

CREATE TABLE enter (
    id integer NOT NULL,
    player_id integer,
    tournament_id integer,
    note character varying(255),
    rank integer,
    lost_all boolean,
    created_at timestamp without time zone,
    updated_at timestamp without time zone
);


ALTER TABLE public.enter OWNER TO daniel;

--
-- Name: enter_id_seq; Type: SEQUENCE; Schema: public; Owner: daniel
--

CREATE SEQUENCE enter_id_seq
    START WITH 1
    INCREMENT BY 1
    NO MINVALUE
    NO MAXVALUE
    CACHE 1;


ALTER TABLE public.enter_id_seq OWNER TO daniel;

--
-- Name: enter_id_seq; Type: SEQUENCE OWNED BY; Schema: public; Owner: daniel
--

ALTER SEQUENCE enter_id_seq OWNED BY enter.id;


--
-- Name: enters; Type: TABLE; Schema: public; Owner: daniel; Tablespace: 
--

CREATE TABLE enters (
    id integer NOT NULL,
    player_id integer,
    tournament_id integer,
    note character varying(255),
    rank integer,
    lost_all integer DEFAULT 0,
    created_at timestamp without time zone,
    updated_at timestamp without time zone,
    gone integer DEFAULT 0,
    points integer
);


ALTER TABLE public.enters OWNER TO daniel;

--
-- Name: enters_id_seq; Type: SEQUENCE; Schema: public; Owner: daniel
--

CREATE SEQUENCE enters_id_seq
    START WITH 1
    INCREMENT BY 1
    NO MINVALUE
    NO MAXVALUE
    CACHE 1;


ALTER TABLE public.enters_id_seq OWNER TO daniel;

--
-- Name: enters_id_seq; Type: SEQUENCE OWNED BY; Schema: public; Owner: daniel
--

ALTER SEQUENCE enters_id_seq OWNED BY enters.id;


--
-- Name: high_breaks; Type: TABLE; Schema: public; Owner: daniel; Tablespace: 
--

CREATE TABLE high_breaks (
    id integer NOT NULL,
    player_id integer,
    tournament_id integer,
    match_id integer,
    break integer,
    created_at timestamp without time zone,
    updated_at timestamp without time zone
);


ALTER TABLE public.high_breaks OWNER TO daniel;

--
-- Name: high_breaks_id_seq; Type: SEQUENCE; Schema: public; Owner: daniel
--

CREATE SEQUENCE high_breaks_id_seq
    START WITH 1
    INCREMENT BY 1
    NO MINVALUE
    NO MAXVALUE
    CACHE 1;


ALTER TABLE public.high_breaks_id_seq OWNER TO daniel;

--
-- Name: high_breaks_id_seq; Type: SEQUENCE OWNED BY; Schema: public; Owner: daniel
--

ALTER SEQUENCE high_breaks_id_seq OWNED BY high_breaks.id;


--
-- Name: players; Type: TABLE; Schema: public; Owner: daniel; Tablespace: 
--

CREATE TABLE players (
    id integer NOT NULL,
    name character varying(255),
    ranking_points integer,
    created_at timestamp without time zone,
    updated_at timestamp without time zone,
    club_id integer,
    "position" integer,
    last_position integer
);


ALTER TABLE public.players OWNER TO daniel;

--
-- Name: players_id_seq; Type: SEQUENCE; Schema: public; Owner: daniel
--

CREATE SEQUENCE players_id_seq
    START WITH 1
    INCREMENT BY 1
    NO MINVALUE
    NO MAXVALUE
    CACHE 1;


ALTER TABLE public.players_id_seq OWNER TO daniel;

--
-- Name: players_id_seq; Type: SEQUENCE OWNED BY; Schema: public; Owner: daniel
--

ALTER SEQUENCE players_id_seq OWNED BY players.id;


--
-- Name: profiles; Type: TABLE; Schema: public; Owner: daniel; Tablespace: 
--

CREATE TABLE profiles (
    id integer NOT NULL,
    player_id integer,
    born_year character varying(255),
    start_year character varying(255),
    cue character varying(255),
    training_week character varying(255),
    fav_training character varying(255),
    highest_break_tournament character varying(255),
    highest_break_practice character varying(255),
    best_result text,
    best_match text,
    favourite_player text,
    hobbies text,
    fav_music text,
    fav_movie text,
    created_at timestamp without time zone,
    updated_at timestamp without time zone,
    email character varying(255),
    phone character varying(255),
    avatar_file_name character varying(255),
    avatar_content_type character varying(255),
    avatar_file_size integer,
    avatar_updated_at timestamp without time zone
);


ALTER TABLE public.profiles OWNER TO daniel;

--
-- Name: profiles_id_seq; Type: SEQUENCE; Schema: public; Owner: daniel
--

CREATE SEQUENCE profiles_id_seq
    START WITH 1
    INCREMENT BY 1
    NO MINVALUE
    NO MAXVALUE
    CACHE 1;


ALTER TABLE public.profiles_id_seq OWNER TO daniel;

--
-- Name: profiles_id_seq; Type: SEQUENCE OWNED BY; Schema: public; Owner: daniel
--

ALTER SEQUENCE profiles_id_seq OWNED BY profiles.id;


--
-- Name: rankings; Type: TABLE; Schema: public; Owner: daniel; Tablespace: 
--

CREATE TABLE rankings (
    id integer NOT NULL,
    player_id integer,
    tournament_id integer,
    ranking integer,
    ranking_points integer,
    tournaments_played integer,
    created_at timestamp without time zone,
    updated_at timestamp without time zone
);


ALTER TABLE public.rankings OWNER TO daniel;

--
-- Name: rankings_id_seq; Type: SEQUENCE; Schema: public; Owner: daniel
--

CREATE SEQUENCE rankings_id_seq
    START WITH 1
    INCREMENT BY 1
    NO MINVALUE
    NO MAXVALUE
    CACHE 1;


ALTER TABLE public.rankings_id_seq OWNER TO daniel;

--
-- Name: rankings_id_seq; Type: SEQUENCE OWNED BY; Schema: public; Owner: daniel
--

ALTER SEQUENCE rankings_id_seq OWNED BY rankings.id;


--
-- Name: schema_migrations; Type: TABLE; Schema: public; Owner: daniel; Tablespace: 
--

CREATE TABLE schema_migrations (
    version character varying(255) NOT NULL
);


ALTER TABLE public.schema_migrations OWNER TO daniel;

--
-- Name: tournaments; Type: TABLE; Schema: public; Owner: daniel; Tablespace: 
--

CREATE TABLE tournaments (
    id integer NOT NULL,
    name character varying(255),
    start_date timestamp without time zone,
    final_date timestamp without time zone,
    deadline timestamp without time zone,
    entry_fee integer,
    number_of_players integer,
    club_id integer,
    alternate_club_id integer,
    max_points integer,
    created_at timestamp without time zone,
    updated_at timestamp without time zone,
    finished integer DEFAULT 0,
    header_image_file_name character varying(255),
    header_image_content_type character varying(255),
    header_image_file_size integer,
    header_image_updated_at timestamp without time zone
);


ALTER TABLE public.tournaments OWNER TO daniel;

--
-- Name: tournaments_id_seq; Type: SEQUENCE; Schema: public; Owner: daniel
--

CREATE SEQUENCE tournaments_id_seq
    START WITH 1
    INCREMENT BY 1
    NO MINVALUE
    NO MAXVALUE
    CACHE 1;


ALTER TABLE public.tournaments_id_seq OWNER TO daniel;

--
-- Name: tournaments_id_seq; Type: SEQUENCE OWNED BY; Schema: public; Owner: daniel
--

ALTER SEQUENCE tournaments_id_seq OWNED BY tournaments.id;


--
-- Name: users; Type: TABLE; Schema: public; Owner: daniel; Tablespace: 
--

CREATE TABLE users (
    id integer NOT NULL,
    username character varying(255),
    email character varying(255),
    is_valid boolean DEFAULT false,
    user_level integer DEFAULT 0,
    created_at timestamp without time zone,
    updated_at timestamp without time zone,
    password_digest character varying(255),
    remember_token character varying(255),
    player_id integer,
    reset_token character varying(255),
    reset_sent_at timestamp without time zone
);


ALTER TABLE public.users OWNER TO daniel;

--
-- Name: users_id_seq; Type: SEQUENCE; Schema: public; Owner: daniel
--

CREATE SEQUENCE users_id_seq
    START WITH 1
    INCREMENT BY 1
    NO MINVALUE
    NO MAXVALUE
    CACHE 1;


ALTER TABLE public.users_id_seq OWNER TO daniel;

--
-- Name: users_id_seq; Type: SEQUENCE OWNED BY; Schema: public; Owner: daniel
--

ALTER SEQUENCE users_id_seq OWNED BY users.id;


--
-- Name: id; Type: DEFAULT; Schema: public; Owner: daniel
--

ALTER TABLE ONLY clubs ALTER COLUMN id SET DEFAULT nextval('clubs_id_seq'::regclass);


--
-- Name: id; Type: DEFAULT; Schema: public; Owner: daniel
--

ALTER TABLE ONLY enter ALTER COLUMN id SET DEFAULT nextval('enter_id_seq'::regclass);


--
-- Name: id; Type: DEFAULT; Schema: public; Owner: daniel
--

ALTER TABLE ONLY enters ALTER COLUMN id SET DEFAULT nextval('enters_id_seq'::regclass);


--
-- Name: id; Type: DEFAULT; Schema: public; Owner: daniel
--

ALTER TABLE ONLY high_breaks ALTER COLUMN id SET DEFAULT nextval('high_breaks_id_seq'::regclass);


--
-- Name: id; Type: DEFAULT; Schema: public; Owner: daniel
--

ALTER TABLE ONLY players ALTER COLUMN id SET DEFAULT nextval('players_id_seq'::regclass);


--
-- Name: id; Type: DEFAULT; Schema: public; Owner: daniel
--

ALTER TABLE ONLY profiles ALTER COLUMN id SET DEFAULT nextval('profiles_id_seq'::regclass);


--
-- Name: id; Type: DEFAULT; Schema: public; Owner: daniel
--

ALTER TABLE ONLY rankings ALTER COLUMN id SET DEFAULT nextval('rankings_id_seq'::regclass);


--
-- Name: id; Type: DEFAULT; Schema: public; Owner: daniel
--

ALTER TABLE ONLY tournaments ALTER COLUMN id SET DEFAULT nextval('tournaments_id_seq'::regclass);


--
-- Name: id; Type: DEFAULT; Schema: public; Owner: daniel
--

ALTER TABLE ONLY users ALTER COLUMN id SET DEFAULT nextval('users_id_seq'::regclass);


--
-- Data for Name: clubs; Type: TABLE DATA; Schema: public; Owner: daniel
--

COPY clubs (id, name, address, number_of_tables, created_at, updated_at, phone, email, web_page) FROM stdin;
2	Bristol Odense	Stadionvej 50 opg. F, 5200 Odense V	2	2013-11-04 21:36:03.652683	2013-11-04 21:36:03.652683	\N	\N	\N
3	Albertslund	Hedemarksvej 14 kælderen, 2620 Albertslund	2	2013-11-04 21:36:03.652683	2013-11-04 21:36:03.652683	\N	\N	\N
4	Esbjerg BC	Skanderborgvej 10, 6700 Esbjerg	3	2013-11-04 21:36:03.652683	2013-11-04 21:36:03.652683	\N	\N	\N
5	Århus Pool & Billard	Ryhavevej 8, 8210 Århus	2	2013-11-04 21:36:03.652683	2013-11-04 21:36:03.652683	\N	\N	\N
6	Hjørring Billard	Vandværksvej 4C, 9800 Hjørring	2	2013-11-04 21:36:03.652683	2013-11-04 21:36:03.652683	\N	\N	\N
7	Vrå Billardklub	Stadionvej 15, 9760 Vrå	1	2013-11-04 21:36:03.652683	2013-11-04 21:36:03.652683	\N	\N	\N
8	Anden	Ikke relevant	0	2013-11-04 21:36:03.652683	2013-11-04 21:36:03.652683	\N	\N	\N
1	Frederiksberg BK	Bernhard Bangs Alle 31, 2000 Frederiksberg	6	2013-11-04 21:36:03.652683	2013-11-12 12:28:32.995103	46 147 147	info@cphpool.dk	http://cphpool.dk
\.


--
-- Name: clubs_id_seq; Type: SEQUENCE SET; Schema: public; Owner: daniel
--

SELECT pg_catalog.setval('clubs_id_seq', 8, true);


--
-- Data for Name: enter; Type: TABLE DATA; Schema: public; Owner: daniel
--

COPY enter (id, player_id, tournament_id, note, rank, lost_all, created_at, updated_at) FROM stdin;
\.


--
-- Name: enter_id_seq; Type: SEQUENCE SET; Schema: public; Owner: daniel
--

SELECT pg_catalog.setval('enter_id_seq', 1, false);


--
-- Data for Name: enters; Type: TABLE DATA; Schema: public; Owner: daniel
--

COPY enters (id, player_id, tournament_id, note, rank, lost_all, created_at, updated_at, gone, points) FROM stdin;
1	9	1	\N	1	0	2013-11-04 21:36:03.652683	2013-11-04 21:36:03.652683	0	10000
2	20	1	\N	2	0	2013-11-04 21:36:03.652683	2013-11-04 21:36:03.652683	0	8000
3	13	1	\N	3	0	2013-11-04 21:36:03.652683	2013-11-04 21:36:03.652683	0	6400
4	30	1	\N	3	0	2013-11-04 21:36:03.652683	2013-11-04 21:36:03.652683	0	6400
5	58	1	\N	4	1	2013-11-04 21:36:03.652683	2013-11-04 21:36:03.652683	0	2500
6	59	1	\N	4	1	2013-11-04 21:36:03.652683	2013-11-04 21:36:03.652683	0	2500
7	60	1	\N	4	1	2013-11-04 21:36:03.652683	2013-11-04 21:36:03.652683	0	2500
8	8	1	\N	4	1	2013-11-04 21:36:03.652683	2013-11-04 21:36:03.652683	0	2500
9	1	2	\N	1	0	2013-11-04 21:36:03.652683	2013-11-04 21:36:03.652683	0	10000
10	4	2	\N	2	0	2013-11-04 21:36:03.652683	2013-11-04 21:36:03.652683	0	8000
11	2	2	\N	3	0	2013-11-04 21:36:03.652683	2013-11-04 21:36:03.652683	0	6400
12	31	2	\N	3	0	2013-11-04 21:36:03.652683	2013-11-04 21:36:03.652683	0	6400
13	36	2	\N	4	0	2013-11-04 21:36:03.652683	2013-11-04 21:36:03.652683	0	5000
14	32	2	\N	4	0	2013-11-04 21:36:03.652683	2013-11-04 21:36:03.652683	0	5000
15	56	2	\N	4	0	2013-11-04 21:36:03.652683	2013-11-04 21:36:03.652683	0	5000
16	8	2	\N	4	0	2013-11-04 21:36:03.652683	2013-11-04 21:36:03.652683	0	5000
17	48	2	\N	5	0	2013-11-04 21:36:03.652683	2013-11-04 21:36:03.652683	0	3800
18	37	2	\N	5	0	2013-11-04 21:36:03.652683	2013-11-04 21:36:03.652683	0	3800
19	42	2	\N	5	0	2013-11-04 21:36:03.652683	2013-11-04 21:36:03.652683	0	3800
20	47	2	\N	5	0	2013-11-04 21:36:03.652683	2013-11-04 21:36:03.652683	0	3800
21	64	2	\N	5	1	2013-11-04 21:36:03.652683	2013-11-04 21:36:03.652683	0	1900
22	20	2	\N	5	0	2013-11-04 21:36:03.652683	2013-11-04 21:36:03.652683	0	3800
23	6	2	\N	5	0	2013-11-04 21:36:03.652683	2013-11-04 21:36:03.652683	0	3800
24	7	2	\N	6	1	2013-11-04 21:36:03.652683	2013-11-04 21:36:03.652683	0	1400
25	16	2	\N	6	0	2013-11-04 21:36:03.652683	2013-11-04 21:36:03.652683	0	2800
26	63	2	\N	6	0	2013-11-04 21:36:03.652683	2013-11-04 21:36:03.652683	0	2800
27	9	2	\N	6	1	2013-11-04 21:36:03.652683	2013-11-04 21:36:03.652683	0	1400
28	77	2	\N	7	1	2013-11-04 21:36:03.652683	2013-11-04 21:36:03.652683	0	1150
29	13	2	\N	7	1	2013-11-04 21:36:03.652683	2013-11-04 21:36:03.652683	0	1150
30	1	3	\N	1	0	2013-11-04 21:36:03.652683	2013-11-04 21:36:03.652683	0	10000
31	2	3	\N	2	0	2013-11-04 21:36:03.652683	2013-11-04 21:36:03.652683	0	8000
32	4	3	\N	3	0	2013-11-04 21:36:03.652683	2013-11-04 21:36:03.652683	0	6400
33	15	3	\N	3	0	2013-11-04 21:36:03.652683	2013-11-04 21:36:03.652683	0	6400
34	36	3	\N	4	0	2013-11-04 21:36:03.652683	2013-11-04 21:36:03.652683	0	5000
35	34	3	\N	4	0	2013-11-04 21:36:03.652683	2013-11-04 21:36:03.652683	0	5000
36	8	3	\N	4	0	2013-11-04 21:36:03.652683	2013-11-04 21:36:03.652683	0	5000
37	64	3	\N	4	0	2013-11-04 21:36:03.652683	2013-11-04 21:36:03.652683	0	5000
38	11	3	\N	5	0	2013-11-04 21:36:03.652683	2013-11-04 21:36:03.652683	0	3800
39	43	3	\N	5	0	2013-11-04 21:36:03.652683	2013-11-04 21:36:03.652683	0	3800
40	32	3	\N	5	1	2013-11-04 21:36:03.652683	2013-11-04 21:36:03.652683	0	1900
41	13	3	\N	5	0	2013-11-04 21:36:03.652683	2013-11-04 21:36:03.652683	0	3800
42	7	3	\N	5	0	2013-11-04 21:36:03.652683	2013-11-04 21:36:03.652683	0	3800
43	18	3	\N	5	0	2013-11-04 21:36:03.652683	2013-11-04 21:36:03.652683	0	3800
44	31	3	\N	5	0	2013-11-04 21:36:03.652683	2013-11-04 21:36:03.652683	0	3800
45	52	3	\N	5	0	2013-11-04 21:36:03.652683	2013-11-04 21:36:03.652683	0	3800
46	49	3	\N	6	0	2013-11-04 21:36:03.652683	2013-11-04 21:36:03.652683	0	2800
47	63	3	\N	6	0	2013-11-04 21:36:03.652683	2013-11-04 21:36:03.652683	0	2800
48	6	3	\N	6	0	2013-11-04 21:36:03.652683	2013-11-04 21:36:03.652683	0	2800
49	77	3	\N	6	0	2013-11-04 21:36:03.652683	2013-11-04 21:36:03.652683	0	2800
50	62	3	\N	7	0	2013-11-04 21:36:03.652683	2013-11-04 21:36:03.652683	0	2300
51	73	3	\N	7	1	2013-11-04 21:36:03.652683	2013-11-04 21:36:03.652683	0	1150
52	46	3	\N	7	1	2013-11-04 21:36:03.652683	2013-11-04 21:36:03.652683	0	1150
53	9	3	\N	7	0	2013-11-04 21:36:03.652683	2013-11-04 21:36:03.652683	0	2300
54	80	3	\N	8	1	2013-11-04 21:36:03.652683	2013-11-04 21:36:03.652683	0	900
55	57	3	\N	8	1	2013-11-04 21:36:03.652683	2013-11-04 21:36:03.652683	0	900
56	15	4	\N	1	0	2013-11-04 21:36:03.652683	2013-11-04 21:36:03.652683	0	10000
57	4	4	\N	2	0	2013-11-04 21:36:03.652683	2013-11-04 21:36:03.652683	0	8000
58	48	4	\N	3	0	2013-11-04 21:36:03.652683	2013-11-04 21:36:03.652683	0	6400
59	2	4	\N	3	0	2013-11-04 21:36:03.652683	2013-11-04 21:36:03.652683	0	6400
60	7	4	\N	4	0	2013-11-04 21:36:03.652683	2013-11-04 21:36:03.652683	0	5000
61	8	4	\N	4	0	2013-11-04 21:36:03.652683	2013-11-04 21:36:03.652683	0	5000
62	11	4	\N	4	0	2013-11-04 21:36:03.652683	2013-11-04 21:36:03.652683	0	5000
63	63	4	\N	4	0	2013-11-04 21:36:03.652683	2013-11-04 21:36:03.652683	0	5000
64	9	4	\N	5	1	2013-11-04 21:36:03.652683	2013-11-04 21:36:03.652683	0	1900
65	13	4	\N	5	0	2013-11-04 21:36:03.652683	2013-11-04 21:36:03.652683	0	3800
66	54	4	\N	5	0	2013-11-04 21:36:03.652683	2013-11-04 21:36:03.652683	0	3800
67	16	4	\N	5	0	2013-11-04 21:36:03.652683	2013-11-04 21:36:03.652683	0	3800
68	64	4	\N	5	1	2013-11-04 21:36:03.652683	2013-11-04 21:36:03.652683	0	1900
69	20	4	\N	5	1	2013-11-04 21:36:03.652683	2013-11-04 21:36:03.652683	0	1900
70	80	4	\N	5	0	2013-11-04 21:36:03.652683	2013-11-04 21:36:03.652683	0	3800
71	77	4	\N	6	1	2013-11-04 21:36:03.652683	2013-11-04 21:36:03.652683	0	1400
72	23	4	\N	6	0	2013-11-04 21:36:03.652683	2013-11-04 21:36:03.652683	0	2800
73	42	4	\N	6	0	2013-11-04 21:36:03.652683	2013-11-04 21:36:03.652683	0	2800
74	6	4	\N	6	1	2013-11-04 21:36:03.652683	2013-11-04 21:36:03.652683	0	1400
75	75	4	\N	7	1	2013-11-04 21:36:03.652683	2013-11-04 21:36:03.652683	0	1150
76	14	4	\N	7	1	2013-11-04 21:36:03.652683	2013-11-04 21:36:03.652683	0	1150
77	1	5	\N	1	0	2013-11-04 21:36:03.652683	2013-11-04 21:36:03.652683	0	10000
78	4	5	\N	2	0	2013-11-04 21:36:03.652683	2013-11-04 21:36:03.652683	0	8000
79	8	5	\N	3	0	2013-11-04 21:36:03.652683	2013-11-04 21:36:03.652683	0	6400
80	36	5	\N	3	0	2013-11-04 21:36:03.652683	2013-11-04 21:36:03.652683	0	6400
81	64	5	\N	4	0	2013-11-04 21:36:03.652683	2013-11-04 21:36:03.652683	0	5000
82	32	5	\N	4	0	2013-11-04 21:36:03.652683	2013-11-04 21:36:03.652683	0	5000
83	20	5	\N	4	0	2013-11-04 21:36:03.652683	2013-11-04 21:36:03.652683	0	5000
84	9	5	\N	4	0	2013-11-04 21:36:03.652683	2013-11-04 21:36:03.652683	0	5000
85	7	5	\N	5	1	2013-11-04 21:36:03.652683	2013-11-04 21:36:03.652683	0	1900
86	63	5	\N	5	0	2013-11-04 21:36:03.652683	2013-11-04 21:36:03.652683	0	3800
87	16	5	\N	5	0	2013-11-04 21:36:03.652683	2013-11-04 21:36:03.652683	0	3800
88	13	5	\N	5	1	2013-11-04 21:36:03.652683	2013-11-04 21:36:03.652683	0	1900
89	80	5	\N	5	0	2013-11-04 21:36:03.652683	2013-11-04 21:36:03.652683	0	3800
90	48	5	\N	5	0	2013-11-04 21:36:03.652683	2013-11-04 21:36:03.652683	0	3800
91	6	5	\N	5	0	2013-11-04 21:36:03.652683	2013-11-04 21:36:03.652683	0	3800
92	23	5	\N	5	0	2013-11-04 21:36:03.652683	2013-11-04 21:36:03.652683	0	3800
93	1	6	\N	1	0	2013-11-04 21:36:03.652683	2013-11-04 21:36:03.652683	0	15000
94	2	6	\N	2	0	2013-11-04 21:36:03.652683	2013-11-04 21:36:03.652683	0	12000
95	4	6	\N	3	0	2013-11-04 21:36:03.652683	2013-11-04 21:36:03.652683	0	9600
96	11	6	\N	3	0	2013-11-04 21:36:03.652683	2013-11-04 21:36:03.652683	0	9600
97	18	6	\N	4	0	2013-11-04 21:36:03.652683	2013-11-04 21:36:03.652683	0	7500
98	36	6	\N	4	0	2013-11-04 21:36:03.652683	2013-11-04 21:36:03.652683	0	7500
99	64	6	\N	4	0	2013-11-04 21:36:03.652683	2013-11-04 21:36:03.652683	0	7500
100	8	6	\N	4	0	2013-11-04 21:36:03.652683	2013-11-04 21:36:03.652683	0	7500
101	37	6	\N	5	0	2013-11-04 21:36:03.652683	2013-11-04 21:36:03.652683	0	5700
102	80	6	\N	5	1	2013-11-04 21:36:03.652683	2013-11-04 21:36:03.652683	0	2850
103	9	6	\N	5	0	2013-11-04 21:36:03.652683	2013-11-04 21:36:03.652683	0	5700
104	13	6	\N	5	0	2013-11-04 21:36:03.652683	2013-11-04 21:36:03.652683	0	5700
105	15	6	\N	5	0	2013-11-04 21:36:03.652683	2013-11-04 21:36:03.652683	0	5700
106	6	6	\N	5	0	2013-11-04 21:36:03.652683	2013-11-04 21:36:03.652683	0	5700
107	49	6	\N	5	0	2013-11-04 21:36:03.652683	2013-11-04 21:36:03.652683	0	5700
108	42	6	\N	5	0	2013-11-04 21:36:03.652683	2013-11-04 21:36:03.652683	0	5700
109	54	6	\N	6	1	2013-11-04 21:36:03.652683	2013-11-04 21:36:03.652683	0	2100
110	20	6	\N	6	0	2013-11-04 21:36:03.652683	2013-11-04 21:36:03.652683	0	4200
111	48	6	\N	6	0	2013-11-04 21:36:03.652683	2013-11-04 21:36:03.652683	0	4200
112	7	6	\N	6	1	2013-11-04 21:36:03.652683	2013-11-04 21:36:03.652683	0	2100
113	52	6	\N	6	1	2013-11-04 21:36:03.652683	2013-11-04 21:36:03.652683	0	2100
114	14	6	\N	6	1	2013-11-04 21:36:03.652683	2013-11-04 21:36:03.652683	0	2100
115	63	6	\N	6	1	2013-11-04 21:36:03.652683	2013-11-04 21:36:03.652683	0	2100
116	32	6	\N	7	1	2013-11-04 21:36:03.652683	2013-11-04 21:36:03.652683	0	1725
117	77	6	\N	7	1	2013-11-04 21:36:03.652683	2013-11-04 21:36:03.652683	0	1725
118	2	7	\N	1	0	2013-11-04 21:36:03.652683	2013-11-04 21:36:03.652683	0	10000
119	1	7	\N	2	0	2013-11-04 21:36:03.652683	2013-11-04 21:36:03.652683	0	8000
120	8	7	\N	3	0	2013-11-04 21:36:03.652683	2013-11-04 21:36:03.652683	0	6400
121	4	7	\N	3	0	2013-11-04 21:36:03.652683	2013-11-04 21:36:03.652683	0	6400
122	32	7	\N	4	0	2013-11-04 21:36:03.652683	2013-11-04 21:36:03.652683	0	5000
123	15	7	\N	4	0	2013-11-04 21:36:03.652683	2013-11-04 21:36:03.652683	0	5000
124	6	7	\N	4	0	2013-11-04 21:36:03.652683	2013-11-04 21:36:03.652683	0	5000
125	20	7	\N	4	0	2013-11-04 21:36:03.652683	2013-11-04 21:36:03.652683	0	5000
126	80	7	\N	5	0	2013-11-04 21:36:03.652683	2013-11-04 21:36:03.652683	0	3800
127	9	7	\N	5	1	2013-11-04 21:36:03.652683	2013-11-04 21:36:03.652683	0	1900
128	13	7	\N	5	0	2013-11-04 21:36:03.652683	2013-11-04 21:36:03.652683	0	3800
129	36	7	\N	5	0	2013-11-04 21:36:03.652683	2013-11-04 21:36:03.652683	0	3800
130	63	7	\N	5	0	2013-11-04 21:36:03.652683	2013-11-04 21:36:03.652683	0	3800
131	64	7	\N	5	1	2013-11-04 21:36:03.652683	2013-11-04 21:36:03.652683	0	1900
132	85	7	\N	5	0	2013-11-04 21:36:03.652683	2013-11-04 21:36:03.652683	0	3800
133	54	7	\N	5	0	2013-11-04 21:36:03.652683	2013-11-04 21:36:03.652683	0	3800
134	23	7	\N	6	0	2013-11-04 21:36:03.652683	2013-11-04 21:36:03.652683	0	2800
135	69	7	\N	6	0	2013-11-04 21:36:03.652683	2013-11-04 21:36:03.652683	0	2800
136	7	7	\N	6	0	2013-11-04 21:36:03.652683	2013-11-04 21:36:03.652683	0	2800
137	14	7	\N	6	0	2013-11-04 21:36:03.652683	2013-11-04 21:36:03.652683	0	2800
138	76	7	\N	7	1	2013-11-04 21:36:03.652683	2013-11-04 21:36:03.652683	0	1150
139	19	7	\N	7	1	2013-11-04 21:36:03.652683	2013-11-04 21:36:03.652683	0	1150
140	71	7	\N	7	1	2013-11-04 21:36:03.652683	2013-11-04 21:36:03.652683	0	1150
141	3	7	\N	7	1	2013-11-04 21:36:03.652683	2013-11-04 21:36:03.652683	0	1150
142	16	7	\N	5	0	2013-11-04 21:36:03.652683	2013-11-04 21:36:03.652683	0	3800
143	1	8	\N	1	0	2013-11-04 21:36:03.652683	2013-11-04 21:36:03.652683	0	15000
144	2	8	\N	2	0	2013-11-04 21:36:03.652683	2013-11-04 21:36:03.652683	0	12000
145	31	8	\N	3	0	2013-11-04 21:36:03.652683	2013-11-04 21:36:03.652683	0	9600
146	4	8	\N	3	0	2013-11-04 21:36:03.652683	2013-11-04 21:36:03.652683	0	9600
147	37	8	\N	4	0	2013-11-04 21:36:03.652683	2013-11-04 21:36:03.652683	0	7500
148	8	8	\N	4	0	2013-11-04 21:36:03.652683	2013-11-04 21:36:03.652683	0	7500
149	13	8	\N	4	0	2013-11-04 21:36:03.652683	2013-11-04 21:36:03.652683	0	7500
150	64	8	\N	4	0	2013-11-04 21:36:03.652683	2013-11-04 21:36:03.652683	0	7500
151	32	8	\N	5	0	2013-11-04 21:36:03.652683	2013-11-04 21:36:03.652683	0	5700
152	6	8	\N	5	1	2013-11-04 21:36:03.652683	2013-11-04 21:36:03.652683	0	2850
153	36	8	\N	5	1	2013-11-04 21:36:03.652683	2013-11-04 21:36:03.652683	0	2850
154	63	8	\N	5	0	2013-11-04 21:36:03.652683	2013-11-04 21:36:03.652683	0	5700
155	23	8	\N	5	0	2013-11-04 21:36:03.652683	2013-11-04 21:36:03.652683	0	5700
156	15	8	\N	5	1	2013-11-04 21:36:03.652683	2013-11-04 21:36:03.652683	0	2850
157	20	8	\N	5	0	2013-11-04 21:36:03.652683	2013-11-04 21:36:03.652683	0	5700
158	54	8	\N	5	0	2013-11-04 21:36:03.652683	2013-11-04 21:36:03.652683	0	5700
159	85	8	\N	6	0	2013-11-04 21:36:03.652683	2013-11-04 21:36:03.652683	0	4200
160	56	8	\N	6	0	2013-11-04 21:36:03.652683	2013-11-04 21:36:03.652683	0	4200
161	9	8	\N	6	0	2013-11-04 21:36:03.652683	2013-11-04 21:36:03.652683	0	4200
162	40	8	\N	6	0	2013-11-04 21:36:03.652683	2013-11-04 21:36:03.652683	0	4200
163	16	8	\N	7	0	2013-11-04 21:36:03.652683	2013-11-04 21:36:03.652683	0	3450
164	7	8	\N	7	0	2013-11-04 21:36:03.652683	2013-11-04 21:36:03.652683	0	3450
165	77	8	\N	7	1	2013-11-04 21:36:03.652683	2013-11-04 21:36:03.652683	0	1725
166	80	8	\N	7	0	2013-11-04 21:36:03.652683	2013-11-04 21:36:03.652683	0	3450
167	69	8	\N	8	1	2013-11-04 21:36:03.652683	2013-11-04 21:36:03.652683	0	1350
168	71	8	\N	8	1	2013-11-04 21:36:03.652683	2013-11-04 21:36:03.652683	0	1350
169	19	8	\N	8	1	2013-11-04 21:36:03.652683	2013-11-04 21:36:03.652683	0	1350
170	2	9	\N	1	0	2013-11-04 21:36:03.652683	2013-11-04 21:36:03.652683	0	10000
171	1	9	\N	2	0	2013-11-04 21:36:03.652683	2013-11-04 21:36:03.652683	0	8000
172	64	9	\N	3	0	2013-11-04 21:36:03.652683	2013-11-04 21:36:03.652683	0	6400
173	4	9	\N	3	0	2013-11-04 21:36:03.652683	2013-11-04 21:36:03.652683	0	6400
174	31	9	\N	4	0	2013-11-04 21:36:03.652683	2013-11-04 21:36:03.652683	0	5000
175	23	9	\N	4	0	2013-11-04 21:36:03.652683	2013-11-04 21:36:03.652683	0	5000
176	6	9	\N	4	0	2013-11-04 21:36:03.652683	2013-11-04 21:36:03.652683	0	5000
177	3	9	\N	4	0	2013-11-04 21:36:03.652683	2013-11-04 21:36:03.652683	0	5000
178	9	9	\N	5	0	2013-11-04 21:36:03.652683	2013-11-04 21:36:03.652683	0	3800
179	20	9	\N	5	1	2013-11-04 21:36:03.652683	2013-11-04 21:36:03.652683	0	1900
180	7	9	\N	5	0	2013-11-04 21:36:03.652683	2013-11-04 21:36:03.652683	0	3800
181	48	9	\N	5	0	2013-11-04 21:36:03.652683	2013-11-04 21:36:03.652683	0	3800
182	13	9	\N	5	1	2013-11-04 21:36:03.652683	2013-11-04 21:36:03.652683	0	1900
183	63	9	\N	5	1	2013-11-04 21:36:03.652683	2013-11-04 21:36:03.652683	0	1900
184	45	9	\N	5	0	2013-11-04 21:36:03.652683	2013-11-04 21:36:03.652683	0	3800
185	80	9	\N	5	0	2013-11-04 21:36:03.652683	2013-11-04 21:36:03.652683	0	3800
186	69	9	\N	6	1	2013-11-04 21:36:03.652683	2013-11-04 21:36:03.652683	0	1400
187	76	9	\N	6	0	2013-11-04 21:36:03.652683	2013-11-04 21:36:03.652683	0	2800
188	52	9	\N	6	0	2013-11-04 21:36:03.652683	2013-11-04 21:36:03.652683	0	2800
189	79	9	\N	7	1	2013-11-04 21:36:03.652683	2013-11-04 21:36:03.652683	0	1150
190	28	9	\N	7	1	2013-11-04 21:36:03.652683	2013-11-04 21:36:03.652683	0	1150
191	19	9	\N	7	1	2013-11-04 21:36:03.652683	2013-11-04 21:36:03.652683	0	1150
192	2	10	\N	1	0	2013-11-04 21:36:03.652683	2013-11-04 21:36:03.652683	0	10000
193	3	10	\N	2	0	2013-11-04 21:36:03.652683	2013-11-04 21:36:03.652683	0	8000
194	64	10	\N	3	0	2013-11-04 21:36:03.652683	2013-11-04 21:36:03.652683	0	6400
195	4	10	\N	3	0	2013-11-04 21:36:03.652683	2013-11-04 21:36:03.652683	0	6400
196	45	10	\N	4	0	2013-11-04 21:36:03.652683	2013-11-04 21:36:03.652683	0	5000
197	49	10	\N	4	0	2013-11-04 21:36:03.652683	2013-11-04 21:36:03.652683	0	5000
198	34	10	\N	4	0	2013-11-04 21:36:03.652683	2013-11-04 21:36:03.652683	0	5000
199	6	10	\N	4	0	2013-11-04 21:36:03.652683	2013-11-04 21:36:03.652683	0	5000
200	63	10	\N	5	1	2013-11-04 21:36:03.652683	2013-11-04 21:36:03.652683	0	1900
201	15	10	\N	5	1	2013-11-04 21:36:03.652683	2013-11-04 21:36:03.652683	0	1900
202	23	10	\N	5	0	2013-11-04 21:36:03.652683	2013-11-04 21:36:03.652683	0	3800
203	57	10	\N	5	0	2013-11-04 21:36:03.652683	2013-11-04 21:36:03.652683	0	3800
204	13	10	\N	5	1	2013-11-04 21:36:03.652683	2013-11-04 21:36:03.652683	0	1900
205	16	10	\N	5	0	2013-11-04 21:36:03.652683	2013-11-04 21:36:03.652683	0	3800
206	7	10	\N	5	0	2013-11-04 21:36:03.652683	2013-11-04 21:36:03.652683	0	3800
207	9	10	\N	6	0	2013-11-04 21:36:03.652683	2013-11-04 21:36:03.652683	0	2800
208	76	10	\N	6	0	2013-11-04 21:36:03.652683	2013-11-04 21:36:03.652683	0	2800
209	80	10	\N	6	0	2013-11-04 21:36:03.652683	2013-11-04 21:36:03.652683	0	2800
210	41	10	\N	6	0	2013-11-04 21:36:03.652683	2013-11-04 21:36:03.652683	0	2800
211	77	10	\N	7	1	2013-11-04 21:36:03.652683	2013-11-04 21:36:03.652683	0	1150
212	79	10	\N	7	1	2013-11-04 21:36:03.652683	2013-11-04 21:36:03.652683	0	1150
213	19	10	\N	7	1	2013-11-04 21:36:03.652683	2013-11-04 21:36:03.652683	0	1150
214	69	10	\N	7	1	2013-11-04 21:36:03.652683	2013-11-04 21:36:03.652683	0	1150
215	81	10	\N	8	1	2013-11-04 21:36:03.652683	2013-11-04 21:36:03.652683	0	900
216	24	10	\N	8	1	2013-11-04 21:36:03.652683	2013-11-04 21:36:03.652683	0	900
217	31	12	\N	1	0	2013-11-04 21:36:03.652683	2013-11-04 21:36:03.652683	0	10000
218	1	12	\N	2	0	2013-11-04 21:36:03.652683	2013-11-04 21:36:03.652683	0	8000
219	8	12	\N	3	0	2013-11-04 21:36:03.652683	2013-11-04 21:36:03.652683	0	6400
220	2	12	\N	3	0	2013-11-04 21:36:03.652683	2013-11-04 21:36:03.652683	0	6400
221	13	12	\N	4	0	2013-11-04 21:36:03.652683	2013-11-04 21:36:03.652683	0	5000
222	56	12	\N	4	0	2013-11-04 21:36:03.652683	2013-11-04 21:36:03.652683	0	5000
223	4	12	\N	4	0	2013-11-04 21:36:03.652683	2013-11-04 21:36:03.652683	0	5000
224	37	12	\N	4	0	2013-11-04 21:36:03.652683	2013-11-04 21:36:03.652683	0	5000
225	36	12	\N	5	0	2013-11-04 21:36:03.652683	2013-11-04 21:36:03.652683	0	3800
226	5	12	\N	5	0	2013-11-04 21:36:03.652683	2013-11-04 21:36:03.652683	0	3800
227	16	12	\N	5	0	2013-11-04 21:36:03.652683	2013-11-04 21:36:03.652683	0	3800
228	64	12	\N	5	1	2013-11-04 21:36:03.652683	2013-11-04 21:36:03.652683	0	1900
229	9	12	\N	5	0	2013-11-04 21:36:03.652683	2013-11-04 21:36:03.652683	0	3800
230	12	12	\N	5	0	2013-11-04 21:36:03.652683	2013-11-04 21:36:03.652683	0	3800
231	6	12	\N	5	1	2013-11-04 21:36:03.652683	2013-11-04 21:36:03.652683	0	1900
232	45	12	\N	5	0	2013-11-04 21:36:03.652683	2013-11-04 21:36:03.652683	0	3800
233	24	12	\N	6	0	2013-11-04 21:36:03.652683	2013-11-04 21:36:03.652683	0	2800
234	54	12	\N	6	0	2013-11-04 21:36:03.652683	2013-11-04 21:36:03.652683	0	2800
235	32	12	\N	6	0	2013-11-04 21:36:03.652683	2013-11-04 21:36:03.652683	0	2800
236	17	12	\N	6	0	2013-11-04 21:36:03.652683	2013-11-04 21:36:03.652683	0	2800
237	42	12	\N	7	0	2013-11-04 21:36:03.652683	2013-11-04 21:36:03.652683	0	2300
238	7	12	\N	7	0	2013-11-04 21:36:03.652683	2013-11-04 21:36:03.652683	0	2300
239	10	12	\N	7	0	2013-11-04 21:36:03.652683	2013-11-04 21:36:03.652683	0	2300
240	23	12	\N	7	0	2013-11-04 21:36:03.652683	2013-11-04 21:36:03.652683	0	2300
241	76	12	\N	8	1	2013-11-04 21:36:03.652683	2013-11-04 21:36:03.652683	0	900
242	80	12	\N	8	1	2013-11-04 21:36:03.652683	2013-11-04 21:36:03.652683	0	900
243	63	12	\N	8	1	2013-11-04 21:36:03.652683	2013-11-04 21:36:03.652683	0	900
244	19	12	\N	8	1	2013-11-04 21:36:03.652683	2013-11-04 21:36:03.652683	0	900
245	3	12	\N	8	1	2013-11-04 21:36:03.652683	2013-11-04 21:36:03.652683	0	900
246	20	12	\N	8	0	2013-11-04 21:36:03.652683	2013-11-04 21:36:03.652683	0	1800
247	82	12	\N	8	1	2013-11-04 21:36:03.652683	2013-11-04 21:36:03.652683	0	900
248	69	12	\N	8	1	2013-11-04 21:36:03.652683	2013-11-04 21:36:03.652683	0	900
249	67	12	\N	9	1	2013-11-04 21:36:03.652683	2013-11-04 21:36:03.652683	0	650
250	31	11	\N	1	0	2013-11-04 21:36:03.652683	2013-11-04 21:36:03.652683	0	10000
251	1	11	\N	2	0	2013-11-04 21:36:03.652683	2013-11-04 21:36:03.652683	0	8000
252	8	11	\N	3	0	2013-11-04 21:36:03.652683	2013-11-04 21:36:03.652683	0	6400
253	15	11	\N	3	0	2013-11-04 21:36:03.652683	2013-11-04 21:36:03.652683	0	6400
254	7	11	\N	4	0	2013-11-04 21:36:03.652683	2013-11-04 21:36:03.652683	0	5000
255	3	11	\N	4	0	2013-11-04 21:36:03.652683	2013-11-04 21:36:03.652683	0	5000
256	49	11	\N	4	0	2013-11-04 21:36:03.652683	2013-11-04 21:36:03.652683	0	5000
257	4	11	\N	4	0	2013-11-04 21:36:03.652683	2013-11-04 21:36:03.652683	0	5000
258	37	11	\N	5	0	2013-11-04 21:36:03.652683	2013-11-04 21:36:03.652683	0	3800
259	36	11	\N	5	1	2013-11-04 21:36:03.652683	2013-11-04 21:36:03.652683	0	1900
260	9	11	\N	5	1	2013-11-04 21:36:03.652683	2013-11-04 21:36:03.652683	0	1900
261	64	11	\N	5	1	2013-11-04 21:36:03.652683	2013-11-04 21:36:03.652683	0	1900
262	13	11	\N	5	1	2013-11-04 21:36:03.652683	2013-11-04 21:36:03.652683	0	1900
263	23	11	\N	5	1	2013-11-04 21:36:03.652683	2013-11-04 21:36:03.652683	0	1900
264	16	11	\N	5	0	2013-11-04 21:36:03.652683	2013-11-04 21:36:03.652683	0	3800
265	54	11	\N	5	0	2013-11-04 21:36:03.652683	2013-11-04 21:36:03.652683	0	3800
266	57	11	\N	6	0	2013-11-04 21:36:03.652683	2013-11-04 21:36:03.652683	0	2800
267	17	11	\N	6	0	2013-11-04 21:36:03.652683	2013-11-04 21:36:03.652683	0	2800
268	5	11	\N	6	0	2013-11-04 21:36:03.652683	2013-11-04 21:36:03.652683	0	2800
269	63	11	\N	6	0	2013-11-04 21:36:03.652683	2013-11-04 21:36:03.652683	0	2800
270	41	11	\N	7	0	2013-11-04 21:36:03.652683	2013-11-04 21:36:03.652683	0	2300
271	24	11	\N	7	0	2013-11-04 21:36:03.652683	2013-11-04 21:36:03.652683	0	2300
272	32	11	\N	7	0	2013-11-04 21:36:03.652683	2013-11-04 21:36:03.652683	0	2300
273	80	11	\N	7	0	2013-11-04 21:36:03.652683	2013-11-04 21:36:03.652683	0	2300
274	19	11	\N	8	0	2013-11-04 21:36:03.652683	2013-11-04 21:36:03.652683	0	1800
275	33	11	\N	8	1	2013-11-04 21:36:03.652683	2013-11-04 21:36:03.652683	0	900
276	76	11	\N	8	1	2013-11-04 21:36:03.652683	2013-11-04 21:36:03.652683	0	900
277	69	11	\N	8	1	2013-11-04 21:36:03.652683	2013-11-04 21:36:03.652683	0	900
278	45	11	\N	8	0	2013-11-04 21:36:03.652683	2013-11-04 21:36:03.652683	0	1800
279	79	11	\N	8	1	2013-11-04 21:36:03.652683	2013-11-04 21:36:03.652683	0	900
280	1	13	\N	1	0	2013-11-04 21:36:03.652683	2013-11-04 21:36:03.652683	0	10000
281	31	13	\N	2	0	2013-11-04 21:36:03.652683	2013-11-04 21:36:03.652683	0	8000
282	2	13	\N	3	0	2013-11-04 21:36:03.652683	2013-11-04 21:36:03.652683	0	6400
283	3	13	\N	3	0	2013-11-04 21:36:03.652683	2013-11-04 21:36:03.652683	0	6400
284	15	13	\N	4	0	2013-11-04 21:36:03.652683	2013-11-04 21:36:03.652683	0	5000
285	8	13	\N	4	0	2013-11-04 21:36:03.652683	2013-11-04 21:36:03.652683	0	5000
286	64	13	\N	4	0	2013-11-04 21:36:03.652683	2013-11-04 21:36:03.652683	0	5000
287	13	13	\N	4	0	2013-11-04 21:36:03.652683	2013-11-04 21:36:03.652683	0	5000
288	6	13	\N	5	0	2013-11-04 21:36:03.652683	2013-11-04 21:36:03.652683	0	3800
289	23	13	\N	5	1	2013-11-04 21:36:03.652683	2013-11-04 21:36:03.652683	0	1900
290	49	13	\N	5	0	2013-11-04 21:36:03.652683	2013-11-04 21:36:03.652683	0	3800
291	10	13	\N	5	0	2013-11-04 21:36:03.652683	2013-11-04 21:36:03.652683	0	3800
292	4	13	\N	5	1	2013-11-04 21:36:03.652683	2013-11-04 21:36:03.652683	0	1900
293	63	13	\N	5	0	2013-11-04 21:36:03.652683	2013-11-04 21:36:03.652683	0	3800
294	14	13	\N	5	0	2013-11-04 21:36:03.652683	2013-11-04 21:36:03.652683	0	3800
295	9	13	\N	5	0	2013-11-04 21:36:03.652683	2013-11-04 21:36:03.652683	0	3800
296	20	13	\N	6	1	2013-11-04 21:36:03.652683	2013-11-04 21:36:03.652683	0	1400
297	19	13	\N	6	1	2013-11-04 21:36:03.652683	2013-11-04 21:36:03.652683	0	1400
298	69	13	\N	6	0	2013-11-04 21:36:03.652683	2013-11-04 21:36:03.652683	0	2800
299	7	13	\N	6	0	2013-11-04 21:36:03.652683	2013-11-04 21:36:03.652683	0	2800
300	76	13	\N	7	1	2013-11-04 21:36:03.652683	2013-11-04 21:36:03.652683	0	1150
301	68	13	\N	8	0	2013-11-04 21:36:03.652683	2013-11-04 21:36:03.652683	0	1800
302	24	13	\N	8	1	2013-11-04 21:36:03.652683	2013-11-04 21:36:03.652683	0	900
303	1	14	\N	1	0	2013-11-04 21:36:03.652683	2013-11-04 21:36:03.652683	0	10000
304	4	14	\N	2	0	2013-11-04 21:36:03.652683	2013-11-04 21:36:03.652683	0	8000
305	3	14	\N	3	0	2013-11-04 21:36:03.652683	2013-11-04 21:36:03.652683	0	6400
306	36	14	\N	3	0	2013-11-04 21:36:03.652683	2013-11-04 21:36:03.652683	0	6400
307	32	14	\N	4	0	2013-11-04 21:36:03.652683	2013-11-04 21:36:03.652683	0	5000
308	5	14	\N	4	0	2013-11-04 21:36:03.652683	2013-11-04 21:36:03.652683	0	5000
309	10	14	\N	4	0	2013-11-04 21:36:03.652683	2013-11-04 21:36:03.652683	0	5000
310	2	14	\N	4	0	2013-11-04 21:36:03.652683	2013-11-04 21:36:03.652683	0	5000
311	68	14	\N	5	0	2013-11-04 21:36:03.652683	2013-11-04 21:36:03.652683	0	3800
312	23	14	\N	5	1	2013-11-04 21:36:03.652683	2013-11-04 21:36:03.652683	0	1900
313	9	14	\N	5	0	2013-11-04 21:36:03.652683	2013-11-04 21:36:03.652683	0	3800
314	64	14	\N	5	1	2013-11-04 21:36:03.652683	2013-11-04 21:36:03.652683	0	1900
315	28	14	\N	5	0	2013-11-04 21:36:03.652683	2013-11-04 21:36:03.652683	0	3800
316	13	14	\N	5	1	2013-11-04 21:36:03.652683	2013-11-04 21:36:03.652683	0	1900
317	7	14	\N	5	1	2013-11-04 21:36:03.652683	2013-11-04 21:36:03.652683	0	1900
318	67	14	\N	5	0	2013-11-04 21:36:03.652683	2013-11-04 21:36:03.652683	0	3800
319	24	14	\N	6	1	2013-11-04 21:36:03.652683	2013-11-04 21:36:03.652683	0	1400
320	48	14	\N	6	0	2013-11-04 21:36:03.652683	2013-11-04 21:36:03.652683	0	2800
321	56	14	\N	6	0	2013-11-04 21:36:03.652683	2013-11-04 21:36:03.652683	0	2800
322	19	14	\N	6	0	2013-11-04 21:36:03.652683	2013-11-04 21:36:03.652683	0	2800
323	14	14	\N	7	1	2013-11-04 21:36:03.652683	2013-11-04 21:36:03.652683	0	1150
324	69	14	\N	7	1	2013-11-04 21:36:03.652683	2013-11-04 21:36:03.652683	0	1150
325	6	14	\N	7	1	2013-11-04 21:36:03.652683	2013-11-04 21:36:03.652683	0	1150
326	2	15	\N	1	0	2013-11-04 21:36:03.652683	2013-11-04 21:36:03.652683	0	10000
327	5	15	\N	2	0	2013-11-04 21:36:03.652683	2013-11-04 21:36:03.652683	0	8000
328	3	15	\N	3	0	2013-11-04 21:36:03.652683	2013-11-04 21:36:03.652683	0	6400
329	4	15	\N	3	0	2013-11-04 21:36:03.652683	2013-11-04 21:36:03.652683	0	6400
330	9	15	\N	4	0	2013-11-04 21:36:03.652683	2013-11-04 21:36:03.652683	0	5000
331	7	15	\N	4	0	2013-11-04 21:36:03.652683	2013-11-04 21:36:03.652683	0	5000
332	6	15	\N	4	0	2013-11-04 21:36:03.652683	2013-11-04 21:36:03.652683	0	5000
333	10	15	\N	5	1	2013-11-04 21:36:03.652683	2013-11-04 21:36:03.652683	0	1900
334	20	15	\N	5	1	2013-11-04 21:36:03.652683	2013-11-04 21:36:03.652683	0	1900
335	28	15	\N	5	1	2013-11-04 21:36:03.652683	2013-11-04 21:36:03.652683	0	1900
336	65	15	\N	5	1	2013-11-04 21:36:03.652683	2013-11-04 21:36:03.652683	0	1900
337	24	15	\N	5	1	2013-11-04 21:36:03.652683	2013-11-04 21:36:03.652683	0	1900
338	19	15	\N	5	1	2013-11-04 21:36:03.652683	2013-11-04 21:36:03.652683	0	1900
339	1	16	\N	1	0	2013-11-04 21:36:03.652683	2013-11-04 21:36:03.652683	0	10000
340	2	16	\N	2	0	2013-11-04 21:36:03.652683	2013-11-04 21:36:03.652683	0	8000
341	31	16	\N	3	0	2013-11-04 21:36:03.652683	2013-11-04 21:36:03.652683	0	6400
342	3	16	\N	3	0	2013-11-04 21:36:03.652683	2013-11-04 21:36:03.652683	0	6400
343	5	16	\N	4	0	2013-11-04 21:36:03.652683	2013-11-04 21:36:03.652683	0	5000
344	4	16	\N	4	0	2013-11-04 21:36:03.652683	2013-11-04 21:36:03.652683	0	5000
345	15	16	\N	4	0	2013-11-04 21:36:03.652683	2013-11-04 21:36:03.652683	0	5000
346	7	16	\N	4	0	2013-11-04 21:36:03.652683	2013-11-04 21:36:03.652683	0	5000
347	6	16	\N	5	0	2013-11-04 21:36:03.652683	2013-11-04 21:36:03.652683	0	3800
348	13	16	\N	5	0	2013-11-04 21:36:03.652683	2013-11-04 21:36:03.652683	0	3800
349	11	16	\N	5	0	2013-11-04 21:36:03.652683	2013-11-04 21:36:03.652683	0	3800
350	46	16	\N	5	0	2013-11-04 21:36:03.652683	2013-11-04 21:36:03.652683	0	3800
351	41	16	\N	5	0	2013-11-04 21:36:03.652683	2013-11-04 21:36:03.652683	0	3800
352	9	16	\N	5	1	2013-11-04 21:36:03.652683	2013-11-04 21:36:03.652683	0	1900
353	14	16	\N	5	0	2013-11-04 21:36:03.652683	2013-11-04 21:36:03.652683	0	3800
354	8	16	\N	5	0	2013-11-04 21:36:03.652683	2013-11-04 21:36:03.652683	0	3800
355	24	16	\N	6	0	2013-11-04 21:36:03.652683	2013-11-04 21:36:03.652683	0	2800
356	49	16	\N	6	0	2013-11-04 21:36:03.652683	2013-11-04 21:36:03.652683	0	2800
357	10	16	\N	6	0	2013-11-04 21:36:03.652683	2013-11-04 21:36:03.652683	0	2800
358	57	16	\N	6	0	2013-11-04 21:36:03.652683	2013-11-04 21:36:03.652683	0	2800
359	23	16	\N	7	1	2013-11-04 21:36:03.652683	2013-11-04 21:36:03.652683	0	1150
360	28	16	\N	7	1	2013-11-04 21:36:03.652683	2013-11-04 21:36:03.652683	0	1150
361	19	16	\N	7	1	2013-11-04 21:36:03.652683	2013-11-04 21:36:03.652683	0	1150
362	81	16	\N	8	1	2013-11-04 21:36:03.652683	2013-11-04 21:36:03.652683	0	900
363	83	16	\N	8	1	2013-11-04 21:36:03.652683	2013-11-04 21:36:03.652683	0	900
364	1	17	\N	1	0	2013-11-04 21:36:03.652683	2013-11-04 21:36:03.652683	0	10000
365	2	17	\N	2	0	2013-11-04 21:36:03.652683	2013-11-04 21:36:03.652683	0	8000
366	4	17	\N	3	0	2013-11-04 21:36:03.652683	2013-11-04 21:36:03.652683	0	6400
367	3	17	\N	3	0	2013-11-04 21:36:03.652683	2013-11-04 21:36:03.652683	0	6400
368	9	17	\N	4	0	2013-11-04 21:36:03.652683	2013-11-04 21:36:03.652683	0	5000
369	11	17	\N	4	0	2013-11-04 21:36:03.652683	2013-11-04 21:36:03.652683	0	5000
370	7	17	\N	4	0	2013-11-04 21:36:03.652683	2013-11-04 21:36:03.652683	0	5000
371	12	17	\N	4	0	2013-11-04 21:36:03.652683	2013-11-04 21:36:03.652683	0	5000
372	21	17	\N	5	0	2013-11-04 21:36:03.652683	2013-11-04 21:36:03.652683	0	3800
373	17	17	\N	5	0	2013-11-04 21:36:03.652683	2013-11-04 21:36:03.652683	0	3800
374	5	17	\N	5	1	2013-11-04 21:36:03.652683	2013-11-04 21:36:03.652683	0	1900
375	22	17	\N	5	0	2013-11-04 21:36:03.652683	2013-11-04 21:36:03.652683	0	3800
376	6	17	\N	5	0	2013-11-04 21:36:03.652683	2013-11-04 21:36:03.652683	0	3800
377	10	17	\N	5	0	2013-11-04 21:36:03.652683	2013-11-04 21:36:03.652683	0	3800
378	8	17	\N	5	1	2013-11-04 21:36:03.652683	2013-11-04 21:36:03.652683	0	1900
379	42	17	\N	5	0	2013-11-04 21:36:03.652683	2013-11-04 21:36:03.652683	0	3800
380	14	17	\N	6	0	2013-11-04 21:36:03.652683	2013-11-04 21:36:03.652683	0	2800
381	55	17	\N	6	0	2013-11-04 21:36:03.652683	2013-11-04 21:36:03.652683	0	2800
382	29	17	\N	6	0	2013-11-04 21:36:03.652683	2013-11-04 21:36:03.652683	0	2800
383	50	17	\N	6	0	2013-11-04 21:36:03.652683	2013-11-04 21:36:03.652683	0	2800
384	61	17	\N	7	0	2013-11-04 21:36:03.652683	2013-11-04 21:36:03.652683	0	2300
385	20	17	\N	7	0	2013-11-04 21:36:03.652683	2013-11-04 21:36:03.652683	0	2300
386	25	17	\N	7	0	2013-11-04 21:36:03.652683	2013-11-04 21:36:03.652683	0	2300
387	33	17	\N	7	0	2013-11-04 21:36:03.652683	2013-11-04 21:36:03.652683	0	2300
388	23	17	\N	8	0	2013-11-04 21:36:03.652683	2013-11-04 21:36:03.652683	0	1800
389	32	17	\N	8	0	2013-11-04 21:36:03.652683	2013-11-04 21:36:03.652683	0	1800
390	66	17	\N	8	0	2013-11-04 21:36:03.652683	2013-11-04 21:36:03.652683	0	1800
391	67	17	\N	8	1	2013-11-04 21:36:03.652683	2013-11-04 21:36:03.652683	0	900
392	24	17	\N	8	1	2013-11-04 21:36:03.652683	2013-11-04 21:36:03.652683	0	900
393	16	17	\N	8	0	2013-11-04 21:36:03.652683	2013-11-04 21:36:03.652683	0	1800
394	13	17	\N	8	1	2013-11-04 21:36:03.652683	2013-11-04 21:36:03.652683	0	900
395	84	17	\N	9	1	2013-11-04 21:36:03.652683	2013-11-04 21:36:03.652683	0	650
396	69	17	\N	9	1	2013-11-04 21:36:03.652683	2013-11-04 21:36:03.652683	0	650
397	19	17	\N	9	1	2013-11-04 21:36:03.652683	2013-11-04 21:36:03.652683	0	650
398	1	18	\N	1	0	2013-11-04 21:36:03.652683	2013-11-04 21:36:03.652683	0	15000
399	2	18	\N	2	0	2013-11-04 21:36:03.652683	2013-11-04 21:36:03.652683	0	12000
400	4	18	\N	3	0	2013-11-04 21:36:03.652683	2013-11-04 21:36:03.652683	0	9600
401	8	18	\N	3	0	2013-11-04 21:36:03.652683	2013-11-04 21:36:03.652683	0	9600
402	11	18	\N	4	0	2013-11-04 21:36:03.652683	2013-11-04 21:36:03.652683	0	7500
403	5	18	\N	4	0	2013-11-04 21:36:03.652683	2013-11-04 21:36:03.652683	0	7500
404	3	18	\N	4	0	2013-11-04 21:36:03.652683	2013-11-04 21:36:03.652683	0	7500
405	15	18	\N	4	0	2013-11-04 21:36:03.652683	2013-11-04 21:36:03.652683	0	7500
406	16	18	\N	5	0	2013-11-04 21:36:03.652683	2013-11-04 21:36:03.652683	0	5700
407	10	18	\N	5	1	2013-11-04 21:36:03.652683	2013-11-04 21:36:03.652683	0	2850
408	17	18	\N	5	0	2013-11-04 21:36:03.652683	2013-11-04 21:36:03.652683	0	5700
409	6	18	\N	5	0	2013-11-04 21:36:03.652683	2013-11-04 21:36:03.652683	0	5700
410	13	18	\N	5	0	2013-11-04 21:36:03.652683	2013-11-04 21:36:03.652683	0	5700
411	9	18	\N	5	1	2013-11-04 21:36:03.652683	2013-11-04 21:36:03.652683	0	2850
412	7	18	\N	5	1	2013-11-04 21:36:03.652683	2013-11-04 21:36:03.652683	0	2850
413	12	18	\N	5	0	2013-11-04 21:36:03.652683	2013-11-04 21:36:03.652683	0	5700
414	39	18	\N	6	0	2013-11-04 21:36:03.652683	2013-11-04 21:36:03.652683	0	4200
415	29	18	\N	6	0	2013-11-04 21:36:03.652683	2013-11-04 21:36:03.652683	0	4200
416	38	18	\N	6	0	2013-11-04 21:36:03.652683	2013-11-04 21:36:03.652683	0	4200
417	28	18	\N	6	0	2013-11-04 21:36:03.652683	2013-11-04 21:36:03.652683	0	4200
418	19	18	\N	7	1	2013-11-04 21:36:03.652683	2013-11-04 21:36:03.652683	0	1725
419	23	18	\N	7	1	2013-11-04 21:36:03.652683	2013-11-04 21:36:03.652683	0	1725
420	68	18	\N	7	1	2013-11-04 21:36:03.652683	2013-11-04 21:36:03.652683	0	1725
421	25	18	\N	7	0	2013-11-04 21:36:03.652683	2013-11-04 21:36:03.652683	0	3450
422	70	18	\N	8	1	2013-11-04 21:36:03.652683	2013-11-04 21:36:03.652683	0	1350
423	27	18	\N	8	0	2013-11-04 21:36:03.652683	2013-11-04 21:36:03.652683	0	2700
424	24	18	\N	8	1	2013-11-04 21:36:03.652683	2013-11-04 21:36:03.652683	0	1350
425	1	19	\N	1	0	2013-11-04 21:36:03.652683	2013-11-04 21:36:03.652683	0	10000
426	2	19	\N	2	0	2013-11-04 21:36:03.652683	2013-11-04 21:36:03.652683	0	8000
427	3	19	\N	3	0	2013-11-04 21:36:03.652683	2013-11-04 21:36:03.652683	0	6400
428	21	19	\N	3	0	2013-11-04 21:36:03.652683	2013-11-04 21:36:03.652683	0	6400
429	12	19	\N	4	0	2013-11-04 21:36:03.652683	2013-11-04 21:36:03.652683	0	5000
430	36	19	\N	4	0	2013-11-04 21:36:03.652683	2013-11-04 21:36:03.652683	0	5000
431	22	19	\N	4	0	2013-11-04 21:36:03.652683	2013-11-04 21:36:03.652683	0	5000
432	35	19	\N	4	0	2013-11-04 21:36:03.652683	2013-11-04 21:36:03.652683	0	5000
433	26	19	\N	5	0	2013-11-04 21:36:03.652683	2013-11-04 21:36:03.652683	0	3800
434	10	19	\N	5	1	2013-11-04 21:36:03.652683	2013-11-04 21:36:03.652683	0	1900
435	6	19	\N	5	1	2013-11-04 21:36:03.652683	2013-11-04 21:36:03.652683	0	1900
436	5	19	\N	5	1	2013-11-04 21:36:03.652683	2013-11-04 21:36:03.652683	0	1900
437	44	19	\N	5	0	2013-11-04 21:36:03.652683	2013-11-04 21:36:03.652683	0	3800
438	7	19	\N	5	1	2013-11-04 21:36:03.652683	2013-11-04 21:36:03.652683	0	1900
439	9	19	\N	5	1	2013-11-04 21:36:03.652683	2013-11-04 21:36:03.652683	0	1900
440	32	19	\N	5	0	2013-11-04 21:36:03.652683	2013-11-04 21:36:03.652683	0	3800
441	14	19	\N	6	0	2013-11-04 21:36:03.652683	2013-11-04 21:36:03.652683	0	2800
442	17	19	\N	6	0	2013-11-04 21:36:03.652683	2013-11-04 21:36:03.652683	0	2800
443	51	19	\N	6	0	2013-11-04 21:36:03.652683	2013-11-04 21:36:03.652683	0	2800
444	33	19	\N	6	0	2013-11-04 21:36:03.652683	2013-11-04 21:36:03.652683	0	2800
445	23	19	\N	7	1	2013-11-04 21:36:03.652683	2013-11-04 21:36:03.652683	0	1150
446	20	19	\N	7	0	2013-11-04 21:36:03.652683	2013-11-04 21:36:03.652683	0	2300
447	19	19	\N	7	0	2013-11-04 21:36:03.652683	2013-11-04 21:36:03.652683	0	2300
448	16	19	\N	7	1	2013-11-04 21:36:03.652683	2013-11-04 21:36:03.652683	0	1150
449	27	19	\N	8	1	2013-11-04 21:36:03.652683	2013-11-04 21:36:03.652683	0	900
450	24	19	\N	8	1	2013-11-04 21:36:03.652683	2013-11-04 21:36:03.652683	0	900
451	67	19	\N	8	1	2013-11-04 21:36:03.652683	2013-11-04 21:36:03.652683	0	900
452	69	19	\N	8	1	2013-11-04 21:36:03.652683	2013-11-04 21:36:03.652683	0	900
453	25	19	\N	8	1	2013-11-04 21:36:03.652683	2013-11-04 21:36:03.652683	0	900
454	1	20	\N	1	0	2013-11-04 21:36:03.652683	2013-11-04 21:36:03.652683	0	10000
455	2	20	\N	2	0	2013-11-04 21:36:03.652683	2013-11-04 21:36:03.652683	0	8000
456	3	20	\N	3	0	2013-11-04 21:36:03.652683	2013-11-04 21:36:03.652683	0	6400
457	4	20	\N	3	0	2013-11-04 21:36:03.652683	2013-11-04 21:36:03.652683	0	6400
458	8	20	\N	4	0	2013-11-04 21:36:03.652683	2013-11-04 21:36:03.652683	0	5000
459	5	20	\N	4	0	2013-11-04 21:36:03.652683	2013-11-04 21:36:03.652683	0	5000
460	14	20	\N	4	0	2013-11-04 21:36:03.652683	2013-11-04 21:36:03.652683	0	5000
461	13	20	\N	4	0	2013-11-04 21:36:03.652683	2013-11-04 21:36:03.652683	0	5000
462	16	20	\N	5	0	2013-11-04 21:36:03.652683	2013-11-04 21:36:03.652683	0	3800
463	9	20	\N	5	1	2013-11-04 21:36:03.652683	2013-11-04 21:36:03.652683	0	1900
464	10	20	\N	5	0	2013-11-04 21:36:03.652683	2013-11-04 21:36:03.652683	0	3800
465	26	20	\N	5	0	2013-11-04 21:36:03.652683	2013-11-04 21:36:03.652683	0	3800
466	20	20	\N	5	0	2013-11-04 21:36:03.652683	2013-11-04 21:36:03.652683	0	3800
467	6	20	\N	5	1	2013-11-04 21:36:03.652683	2013-11-04 21:36:03.652683	0	1900
468	7	20	\N	5	1	2013-11-04 21:36:03.652683	2013-11-04 21:36:03.652683	0	1900
469	27	20	\N	5	0	2013-11-04 21:36:03.652683	2013-11-04 21:36:03.652683	0	3800
470	23	20	\N	6	0	2013-11-04 21:36:03.652683	2013-11-04 21:36:03.652683	0	2800
471	48	20	\N	6	0	2013-11-04 21:36:03.652683	2013-11-04 21:36:03.652683	0	2800
472	19	20	\N	6	0	2013-11-04 21:36:03.652683	2013-11-04 21:36:03.652683	0	2800
473	53	20	\N	6	0	2013-11-04 21:36:03.652683	2013-11-04 21:36:03.652683	0	2800
474	63	20	\N	7	0	2013-11-04 21:36:03.652683	2013-11-04 21:36:03.652683	0	2300
475	72	20	\N	7	1	2013-11-04 21:36:03.652683	2013-11-04 21:36:03.652683	0	1150
476	74	20	\N	7	1	2013-11-04 21:36:03.652683	2013-11-04 21:36:03.652683	0	1150
477	25	20	\N	7	1	2013-11-04 21:36:03.652683	2013-11-04 21:36:03.652683	0	1150
478	78	20	\N	8	1	2013-11-04 21:36:03.652683	2013-11-04 21:36:03.652683	0	900
484	6	21	\N	6	0	2013-11-05 12:37:40.006143	2013-11-05 12:42:25.750382	0	2800
483	5	21	\N	5	0	2013-11-05 12:37:38.282639	2013-11-05 12:42:25.754411	0	3800
482	4	21	\N	4	0	2013-11-05 12:37:36.35782	2013-11-05 12:42:25.758395	0	5000
481	3	21	\N	5	0	2013-11-05 12:37:34.446831	2013-11-05 12:42:25.765595	0	3800
480	2	21	\N	2	0	2013-11-05 12:37:32.661042	2013-11-05 12:42:25.771808	0	8000
479	1	21	\N	1	0	2013-11-05 12:37:30.744283	2013-11-05 12:42:25.775269	0	10000
501	25	21	\N	5	0	2013-11-05 12:38:23.860817	2013-11-05 12:42:25.685528	0	3800
500	23	21	\N	4	0	2013-11-05 12:38:20.760065	2013-11-05 12:42:25.690974	0	5000
499	21	21	\N	4	0	2013-11-05 12:38:17.481105	2013-11-05 12:42:25.693714	0	5000
498	20	21	\N	5	0	2013-11-05 12:38:15.204568	2013-11-05 12:42:25.698046	0	3800
497	19	21	\N	5	0	2013-11-05 12:38:12.354661	2013-11-05 12:42:25.702373	0	3800
495	17	21	\N	5	0	2013-11-05 12:38:02.457801	2013-11-05 12:42:25.705467	0	3800
494	16	21	\N	5	0	2013-11-05 12:37:59.94474	2013-11-05 12:42:25.708246	0	3800
493	15	21	\N	3	0	2013-11-05 12:37:57.486749	2013-11-05 12:42:25.710769	0	6400
492	14	21	\N	6	0	2013-11-05 12:37:54.795227	2013-11-05 12:42:25.713193	0	2800
491	13	21	\N	3	0	2013-11-05 12:37:52.435086	2013-11-05 12:42:25.715773	0	6400
490	12	21	\N	4	0	2013-11-05 12:37:50.669176	2013-11-05 12:42:25.718936	0	5000
489	11	21	\N	6	0	2013-11-05 12:37:48.872538	2013-11-05 12:42:25.721938	0	2800
488	10	21	\N	6	0	2013-11-05 12:37:47.033328	2013-11-05 12:42:25.724664	0	2800
487	9	21	\N	7	1	2013-11-05 12:37:45.186757	2013-11-05 12:42:25.737848	0	1150
486	8	21	\N	5	0	2013-11-05 12:37:43.450247	2013-11-05 12:42:25.743033	0	3800
485	7	21	\N	7	1	2013-11-05 12:37:41.790278	2013-11-05 12:42:25.746768	0	1150
509	41	22	\N	4	0	2013-11-09 13:52:12.645034	2013-11-09 13:52:51.421784	0	5000
508	8	22	\N	2	0	2013-11-09 13:52:10.903297	2013-11-09 13:52:51.433135	0	8000
507	3	22	\N	3	0	2013-11-09 13:52:08.73887	2013-11-09 13:52:51.436725	0	6400
506	16	22	\N	3	0	2013-11-09 13:52:06.982785	2013-11-09 13:52:51.439222	0	6400
505	23	22	\N	4	0	2013-11-09 13:52:04.170393	2013-11-09 13:52:51.442609	0	5000
504	24	22	\N	4	0	2013-11-09 13:52:02.197066	2013-11-09 13:52:51.448869	0	5000
503	13	22	\N	1	0	2013-11-09 13:51:58.584757	2013-11-09 13:52:51.461507	0	10000
502	33	22	\N	4	0	2013-11-09 13:51:55.940462	2013-11-09 13:52:51.466438	0	5000
513	23	23	\N	2	0	2013-11-09 13:56:51.80101	2013-11-09 13:57:05.549693	0	8000
512	24	23	\N	3	0	2013-11-09 13:56:49.281708	2013-11-09 13:57:05.563211	0	6400
511	13	23	\N	1	0	2013-11-09 13:56:46.70827	2013-11-09 13:57:05.589242	0	10000
510	33	23	\N	3	0	2013-11-09 13:56:44.277651	2013-11-09 13:57:05.599533	0	6400
517	16	24	\N	2	0	2013-11-09 14:03:26.338351	2013-11-09 14:03:38.672698	0	8000
516	23	24	\N	3	0	2013-11-09 14:03:23.941512	2013-11-09 14:03:38.690582	0	6400
515	24	24	\N	3	0	2013-11-09 14:03:21.694401	2013-11-09 14:03:38.694737	0	6400
514	13	24	\N	1	0	2013-11-09 14:03:19.568391	2013-11-09 14:03:38.706841	0	10000
522	35	25	\N	3	0	2013-11-09 14:06:59.472557	2013-11-09 14:07:09.3268	0	6400
521	51	25	\N	1	0	2013-11-09 14:06:56.818632	2013-11-09 14:07:09.330581	0	10000
520	25	25	\N	2	0	2013-11-09 14:06:55.205077	2013-11-09 14:07:09.334194	0	8000
519	24	25	\N	3	0	2013-11-09 14:06:53.489641	2013-11-09 14:07:09.338651	0	6400
518	4	25	\N	4	0	2013-11-09 14:06:51.222237	2013-11-09 14:07:09.34202	0	5000
526	5	26	\N	3	0	2013-11-09 22:37:51.021735	2013-11-09 22:39:13.7495	0	6400
525	33	26	\N	3	0	2013-11-09 22:37:49.317246	2013-11-09 22:39:13.762122	0	6400
524	78	26	\N	2	0	2013-11-09 22:37:47.042455	2013-11-09 22:39:13.768747	0	8000
523	9	26	\N	1	0	2013-11-09 22:37:44.322191	2013-11-09 22:39:13.774372	0	10000
528	2	27	\N	\N	0	2013-11-11 22:17:20.346741	2013-11-11 22:17:20.346741	0	\N
529	3	27	\N	\N	0	2013-11-12 10:12:14.696075	2013-11-12 10:12:14.696075	0	\N
531	75	27	\N	\N	0	2013-11-12 12:53:59.163357	2013-11-12 12:53:59.163357	0	\N
532	76	27	\N	\N	0	2013-11-12 12:54:09.042246	2013-11-12 12:54:09.042246	0	\N
\.


--
-- Name: enters_id_seq; Type: SEQUENCE SET; Schema: public; Owner: daniel
--

SELECT pg_catalog.setval('enters_id_seq', 532, true);


--
-- Data for Name: high_breaks; Type: TABLE DATA; Schema: public; Owner: daniel
--

COPY high_breaks (id, player_id, tournament_id, match_id, break, created_at, updated_at) FROM stdin;
1	1	16	\N	67	2013-11-04 21:36:03.652683	2013-11-04 21:36:03.652683
2	1	16	\N	45	2013-11-04 21:36:03.652683	2013-11-04 21:36:03.652683
3	1	16	\N	46	2013-11-04 21:36:03.652683	2013-11-04 21:36:03.652683
4	1	16	\N	50	2013-11-04 21:36:03.652683	2013-11-04 21:36:03.652683
5	2	16	\N	70	2013-11-04 21:36:03.652683	2013-11-04 21:36:03.652683
6	2	16	\N	45	2013-11-04 21:36:03.652683	2013-11-04 21:36:03.652683
7	2	16	\N	64	2013-11-04 21:36:03.652683	2013-11-04 21:36:03.652683
8	2	16	\N	49	2013-11-04 21:36:03.652683	2013-11-04 21:36:03.652683
9	2	16	\N	71	2013-11-04 21:36:03.652683	2013-11-04 21:36:03.652683
10	2	16	\N	54	2013-11-04 21:36:03.652683	2013-11-04 21:36:03.652683
11	31	16	\N	52	2013-11-04 21:36:03.652683	2013-11-04 21:36:03.652683
12	31	16	\N	91	2013-11-04 21:36:03.652683	2013-11-04 21:36:03.652683
13	31	16	\N	74	2013-11-04 21:36:03.652683	2013-11-04 21:36:03.652683
14	31	16	\N	43	2013-11-04 21:36:03.652683	2013-11-04 21:36:03.652683
15	31	16	\N	60	2013-11-04 21:36:03.652683	2013-11-04 21:36:03.652683
16	4	16	\N	45	2013-11-04 21:36:03.652683	2013-11-04 21:36:03.652683
17	13	16	\N	60	2013-11-04 21:36:03.652683	2013-11-04 21:36:03.652683
18	13	16	\N	46	2013-11-04 21:36:03.652683	2013-11-04 21:36:03.652683
19	11	16	\N	70	2013-11-04 21:36:03.652683	2013-11-04 21:36:03.652683
20	11	16	\N	41	2013-11-04 21:36:03.652683	2013-11-04 21:36:03.652683
21	8	16	\N	51	2013-11-04 21:36:03.652683	2013-11-04 21:36:03.652683
22	8	16	\N	82	2013-11-04 21:36:03.652683	2013-11-04 21:36:03.652683
23	10	16	\N	59	2013-11-04 21:36:03.652683	2013-11-04 21:36:03.652683
24	2	15	\N	40	2013-11-04 21:36:03.652683	2013-11-04 21:36:03.652683
25	2	15	\N	55	2013-11-04 21:36:03.652683	2013-11-04 21:36:03.652683
26	2	15	\N	50	2013-11-04 21:36:03.652683	2013-11-04 21:36:03.652683
27	4	15	\N	40	2013-11-04 21:36:03.652683	2013-11-04 21:36:03.652683
28	3	15	\N	41	2013-11-04 21:36:03.652683	2013-11-04 21:36:03.652683
29	1	12	\N	63	2013-11-04 21:36:03.652683	2013-11-04 21:36:03.652683
30	1	12	\N	44	2013-11-04 21:36:03.652683	2013-11-04 21:36:03.652683
31	1	12	\N	53	2013-11-04 21:36:03.652683	2013-11-04 21:36:03.652683
32	2	12	\N	40	2013-11-04 21:36:03.652683	2013-11-04 21:36:03.652683
33	32	12	\N	43	2013-11-04 21:36:03.652683	2013-11-04 21:36:03.652683
34	48	12	\N	48	2013-11-04 21:36:03.652683	2013-11-04 21:36:03.652683
35	1	13	\N	80	2013-11-04 21:36:03.652683	2013-11-04 21:36:03.652683
36	1	13	\N	73	2013-11-04 21:36:03.652683	2013-11-04 21:36:03.652683
37	1	13	\N	43	2013-11-04 21:36:03.652683	2013-11-04 21:36:03.652683
38	1	13	\N	67	2013-11-04 21:36:03.652683	2013-11-04 21:36:03.652683
39	1	13	\N	60	2013-11-04 21:36:03.652683	2013-11-04 21:36:03.652683
40	31	13	\N	60	2013-11-04 21:36:03.652683	2013-11-04 21:36:03.652683
41	31	13	\N	51	2013-11-04 21:36:03.652683	2013-11-04 21:36:03.652683
42	31	13	\N	43	2013-11-04 21:36:03.652683	2013-11-04 21:36:03.652683
43	31	13	\N	49	2013-11-04 21:36:03.652683	2013-11-04 21:36:03.652683
44	31	13	\N	57	2013-11-04 21:36:03.652683	2013-11-04 21:36:03.652683
45	8	13	\N	42	2013-11-04 21:36:03.652683	2013-11-04 21:36:03.652683
46	12	17	\N	73	2013-11-04 21:36:03.652683	2013-11-04 21:36:03.652683
47	13	17	\N	45	2013-11-04 21:36:03.652683	2013-11-04 21:36:03.652683
48	50	17	\N	45	2013-11-04 21:36:03.652683	2013-11-04 21:36:03.652683
49	1	17	\N	49	2013-11-04 21:36:03.652683	2013-11-04 21:36:03.652683
50	1	17	\N	42	2013-11-04 21:36:03.652683	2013-11-04 21:36:03.652683
51	1	17	\N	80	2013-11-04 21:36:03.652683	2013-11-04 21:36:03.652683
52	1	17	\N	58	2013-11-04 21:36:03.652683	2013-11-04 21:36:03.652683
53	1	17	\N	52	2013-11-04 21:36:03.652683	2013-11-04 21:36:03.652683
54	1	17	\N	45	2013-11-04 21:36:03.652683	2013-11-04 21:36:03.652683
55	1	17	\N	40	2013-11-04 21:36:03.652683	2013-11-04 21:36:03.652683
56	1	17	\N	53	2013-11-04 21:36:03.652683	2013-11-04 21:36:03.652683
57	1	17	\N	40	2013-11-04 21:36:03.652683	2013-11-04 21:36:03.652683
58	2	17	\N	45	2013-11-04 21:36:03.652683	2013-11-04 21:36:03.652683
59	2	17	\N	40	2013-11-04 21:36:03.652683	2013-11-04 21:36:03.652683
60	4	17	\N	54	2013-11-04 21:36:03.652683	2013-11-04 21:36:03.652683
61	11	17	\N	59	2013-11-04 21:36:03.652683	2013-11-04 21:36:03.652683
62	11	17	\N	50	2013-11-04 21:36:03.652683	2013-11-04 21:36:03.652683
63	22	17	\N	45	2013-11-04 21:36:03.652683	2013-11-04 21:36:03.652683
64	21	17	\N	40	2013-11-04 21:36:03.652683	2013-11-04 21:36:03.652683
65	1	18	\N	98	2013-11-04 21:36:03.652683	2013-11-04 21:36:03.652683
66	1	18	\N	65	2013-11-04 21:36:03.652683	2013-11-04 21:36:03.652683
67	1	18	\N	81	2013-11-04 21:36:03.652683	2013-11-04 21:36:03.652683
68	1	18	\N	75	2013-11-04 21:36:03.652683	2013-11-04 21:36:03.652683
69	1	18	\N	88	2013-11-04 21:36:03.652683	2013-11-04 21:36:03.652683
70	1	18	\N	40	2013-11-04 21:36:03.652683	2013-11-04 21:36:03.652683
71	2	18	\N	73	2013-11-04 21:36:03.652683	2013-11-04 21:36:03.652683
72	2	18	\N	62	2013-11-04 21:36:03.652683	2013-11-04 21:36:03.652683
73	2	18	\N	45	2013-11-04 21:36:03.652683	2013-11-04 21:36:03.652683
74	2	18	\N	68	2013-11-04 21:36:03.652683	2013-11-04 21:36:03.652683
75	2	18	\N	40	2013-11-04 21:36:03.652683	2013-11-04 21:36:03.652683
76	4	18	\N	54	2013-11-04 21:36:03.652683	2013-11-04 21:36:03.652683
77	4	18	\N	45	2013-11-04 21:36:03.652683	2013-11-04 21:36:03.652683
78	8	18	\N	63	2013-11-04 21:36:03.652683	2013-11-04 21:36:03.652683
79	8	18	\N	40	2013-11-04 21:36:03.652683	2013-11-04 21:36:03.652683
80	8	18	\N	77	2013-11-04 21:36:03.652683	2013-11-04 21:36:03.652683
81	11	18	\N	43	2013-11-04 21:36:03.652683	2013-11-04 21:36:03.652683
82	11	18	\N	40	2013-11-04 21:36:03.652683	2013-11-04 21:36:03.652683
83	11	18	\N	45	2013-11-04 21:36:03.652683	2013-11-04 21:36:03.652683
84	3	18	\N	51	2013-11-04 21:36:03.652683	2013-11-04 21:36:03.652683
85	15	18	\N	53	2013-11-04 21:36:03.652683	2013-11-04 21:36:03.652683
86	15	18	\N	41	2013-11-04 21:36:03.652683	2013-11-04 21:36:03.652683
87	10	18	\N	46	2013-11-04 21:36:03.652683	2013-11-04 21:36:03.652683
88	1	19	\N	42	2013-11-04 21:36:03.652683	2013-11-04 21:36:03.652683
89	1	19	\N	89	2013-11-04 21:36:03.652683	2013-11-04 21:36:03.652683
90	1	19	\N	58	2013-11-04 21:36:03.652683	2013-11-04 21:36:03.652683
91	1	19	\N	97	2013-11-04 21:36:03.652683	2013-11-04 21:36:03.652683
92	2	19	\N	71	2013-11-04 21:36:03.652683	2013-11-04 21:36:03.652683
93	2	19	\N	51	2013-11-04 21:36:03.652683	2013-11-04 21:36:03.652683
94	2	19	\N	103	2013-11-04 21:36:03.652683	2013-11-04 21:36:03.652683
95	2	19	\N	74	2013-11-04 21:36:03.652683	2013-11-04 21:36:03.652683
96	2	19	\N	55	2013-11-04 21:36:03.652683	2013-11-04 21:36:03.652683
97	1	20	\N	64	2013-11-04 21:36:03.652683	2013-11-04 21:36:03.652683
98	1	20	\N	80	2013-11-04 21:36:03.652683	2013-11-04 21:36:03.652683
99	1	20	\N	42	2013-11-04 21:36:03.652683	2013-11-04 21:36:03.652683
100	1	20	\N	48	2013-11-04 21:36:03.652683	2013-11-04 21:36:03.652683
101	1	20	\N	40	2013-11-04 21:36:03.652683	2013-11-04 21:36:03.652683
102	1	20	\N	42	2013-11-04 21:36:03.652683	2013-11-04 21:36:03.652683
103	2	20	\N	41	2013-11-04 21:36:03.652683	2013-11-04 21:36:03.652683
104	2	20	\N	60	2013-11-04 21:36:03.652683	2013-11-04 21:36:03.652683
105	2	20	\N	55	2013-11-04 21:36:03.652683	2013-11-04 21:36:03.652683
106	2	20	\N	52	2013-11-04 21:36:03.652683	2013-11-04 21:36:03.652683
107	4	20	\N	81	2013-11-04 21:36:03.652683	2013-11-04 21:36:03.652683
\.


--
-- Name: high_breaks_id_seq; Type: SEQUENCE SET; Schema: public; Owner: daniel
--

SELECT pg_catalog.setval('high_breaks_id_seq', 107, true);


--
-- Data for Name: players; Type: TABLE DATA; Schema: public; Owner: daniel
--

COPY players (id, name, ranking_points, created_at, updated_at, club_id, "position", last_position) FROM stdin;
3	Kenneth K. Pedersen	10200	2013-11-04 21:36:03.652683	2013-11-09 22:39:14.848217	2	9	7
41	Mathias Spanggaard	5000	2013-11-04 21:36:03.652683	2013-11-09 22:39:14.923171	4	18	20
23	Kris Dyrehauge	24400	2013-11-04 21:36:03.652683	2013-11-09 22:39:14.801956	2	2	2
16	Michael B. Andersen	18200	2013-11-04 21:36:03.652683	2013-11-09 22:39:14.815503	3	4	4
2	Allan Norvark	8000	2013-11-04 21:36:03.652683	2013-11-09 22:39:14.890805	2	14	9
87	<BLANK>	0	2013-11-04 21:36:03.652683	2013-11-09 22:39:15.307149	8	63	56
73	Amir Ali Buchari	0	2013-11-04 21:36:03.652683	2013-11-09 22:39:15.321039	4	64	57
32	Asif Iqbal	0	2013-11-04 21:36:03.652683	2013-11-09 22:39:15.326359	3	65	58
54	Thomas Storgaard	0	2013-11-04 21:36:03.652683	2013-11-09 22:39:15.331493	3	66	59
78	Andreas Jensen	8000	2013-11-04 21:36:03.652683	2013-11-09 22:39:14.897962	1	15	35
53	Christopher Vejlager	0	2013-11-04 21:36:03.652683	2013-11-09 22:39:15.013892	1	29	30
69	Helene L. Hansen	0	2013-11-04 21:36:03.652683	2013-11-09 22:39:15.336549	3	67	60
20	Willy Mikaelsen	3800	2013-11-04 21:36:03.652683	2013-11-09 22:39:14.954847	3	22	15
22	Richard Lundin	0	2013-11-04 21:36:03.652683	2013-11-09 22:39:15.342217	1	68	61
38	Nickolai Sørensen	0	2013-11-04 21:36:03.652683	2013-11-09 22:39:15.353021	8	69	62
26	Henrik Skjærup	0	2013-11-04 21:36:03.652683	2013-11-09 22:39:15.359685	2	70	26
47	Hans Christensen	0	2013-11-04 21:36:03.652683	2013-11-09 22:39:15.367638	3	71	63
74	Ingolf Bay	0	2013-11-04 21:36:03.652683	2013-11-09 22:39:15.38157	2	72	34
43	Mitchell Iskander	0	2013-11-04 21:36:03.652683	2013-11-09 22:39:15.388724	4	73	64
31	Daniel Kandi	0	2013-11-04 21:36:03.652683	2013-11-09 22:39:15.398079	6	74	65
5	Michael B. Jørgensen	10200	2013-11-04 21:36:03.652683	2013-11-09 22:39:14.853921	5	10	13
34	Thomas Hast	0	2013-11-04 21:36:03.652683	2013-11-09 22:39:15.415146	4	75	66
85	Erik Rasmussen	0	2013-11-04 21:36:03.652683	2013-11-09 22:39:15.422636	3	76	67
81	Kasper Nielsen	0	2013-11-04 21:36:03.652683	2013-11-09 22:39:15.430368	4	77	68
72	Kevin Christiansen	0	2013-11-04 21:36:03.652683	2013-11-09 22:39:15.447424	1	78	33
18	Ropi Heikkila	0	2013-11-04 21:36:03.652683	2013-11-09 22:39:15.505864	8	79	69
63	Tonni Christensen	0	2013-11-04 21:36:03.652683	2013-11-09 22:39:15.514923	2	80	32
9	Peter Graversen	11150	2013-11-04 21:36:03.652683	2013-11-09 22:39:14.842141	2	8	28
36	Ali Ijaz	0	2013-11-04 21:36:03.652683	2013-11-09 22:39:15.523893	3	81	70
30	Kasper Thygesen	0	2013-11-04 21:36:03.652683	2013-11-09 22:39:15.539265	8	82	71
57	Michael Sørensen	0	2013-11-04 21:36:03.652683	2013-11-09 22:39:15.545613	4	83	72
67	Sammy Ng	0	2013-11-04 21:36:03.652683	2013-11-09 22:39:15.551566	3	84	73
11	Thomas Bechmann	2800	2013-11-04 21:36:03.652683	2013-11-09 22:39:14.970538	2	24	31
40	Johnny Riisberg	0	2013-11-04 21:36:03.652683	2013-11-09 22:39:15.566208	4	85	74
50	Per Ingebrigtsen	0	2013-11-04 21:36:03.652683	2013-11-09 22:39:15.572915	8	86	75
76	Lars Gjøderum	0	2013-11-04 21:36:03.652683	2013-11-09 22:39:15.581811	6	87	76
42	Kristian Wienke	0	2013-11-04 21:36:03.652683	2013-11-09 22:39:15.597218	1	88	77
21	Chi Voong	5000	2013-11-04 21:36:03.652683	2013-11-09 22:39:14.935415	1	20	22
8	Thomas Salling	11800	2013-11-04 21:36:03.652683	2013-11-09 22:39:14.828762	2	6	6
89	Andreas Koll Petersen	1000	2013-11-12 13:38:40.921171	2013-11-12 13:38:40.921171	1	\N	\N
52	Søren Boesen	0	2013-11-04 21:36:03.652683	2013-11-09 22:39:15.020657	8	30	78
1	Rune Kampe	10000	2013-11-04 21:36:03.652683	2013-11-09 22:39:14.865334	3	11	5
83	Jesper K. Sørensen	0	2013-11-04 21:36:03.652683	2013-11-09 22:39:15.028428	4	31	79
17	Jacob Iversholt	3800	2013-11-04 21:36:03.652683	2013-11-09 22:39:14.941986	1	21	25
28	Rene B. Kristensen	0	2013-11-04 21:36:03.652683	2013-11-09 22:39:15.033984	6	32	80
51	Ron Florax	10000	2013-11-04 21:36:03.652683	2013-11-09 22:39:14.880323	1	13	12
15	Gilbert Albertsen	6400	2013-11-04 21:36:03.652683	2013-11-09 22:39:14.910427	4	17	18
24	Ali S-Maliki	24200	2013-11-04 21:36:03.652683	2013-11-09 22:39:14.809877	7	3	3
56	Abdul Hamid Frayge	0	2013-11-04 21:36:03.652683	2013-11-09 22:39:15.047605	3	33	81
25	Tam Thach	11800	2013-11-04 21:36:03.652683	2013-11-09 22:39:14.834135	1	7	10
10	Per M. Christensen	2800	2013-11-04 21:36:03.652683	2013-11-09 22:39:14.976266	1	25	16
58	Jan Topp	0	2013-11-04 21:36:03.652683	2013-11-09 22:39:15.054161	8	34	82
49	Kent Kofod	0	2013-11-04 21:36:03.652683	2013-11-09 22:39:15.062282	4	35	83
59	Nicolai Jensen	0	2013-11-04 21:36:03.652683	2013-11-09 22:39:15.072945	3	36	84
35	Christopher Church	6400	2013-11-04 21:36:03.652683	2013-11-09 22:39:14.904233	1	16	19
60	Puri Kanwal	0	2013-11-04 21:36:03.652683	2013-11-09 22:39:15.081628	8	37	85
62	Mads Howlett	0	2013-11-04 21:36:03.652683	2013-11-09 22:39:15.087373	4	38	86
64	Ejler Hame	0	2013-11-04 21:36:03.652683	2013-11-09 22:39:15.092867	3	39	87
65	Alan Conway	0	2013-11-04 21:36:03.652683	2013-11-09 22:39:15.103525	8	40	88
68	Van Son Ha	0	2013-11-04 21:36:03.652683	2013-11-09 22:39:15.111209	6	41	37
19	Lise Larsen	3800	2013-11-04 21:36:03.652683	2013-11-09 22:39:14.964113	6	23	17
7	Kasper Larsen	1150	2013-11-04 21:36:03.652683	2013-11-09 22:39:15.002598	3	28	27
12	Lasse Petersen	5000	2013-11-04 21:36:03.652683	2013-11-09 22:39:14.929998	1	19	21
70	Kim Sørensen	0	2013-11-04 21:36:03.652683	2013-11-09 22:39:15.116642	8	42	38
75	Anders Vilhelmsen	0	2013-11-04 21:36:03.652683	2013-11-09 22:39:15.122294	2	43	39
61	Michael Fihl Jensen	0	2013-11-04 21:36:03.652683	2013-11-09 22:39:15.127618	1	44	40
14	Michael Thrane	2800	2013-11-04 21:36:03.652683	2013-11-09 22:39:14.987097	2	26	14
86	Johnny Rasmussen	0	2013-11-04 21:36:03.652683	2013-11-09 22:39:15.140373	4	45	41
46	Jens Brade	0	2013-11-04 21:36:03.652683	2013-11-09 22:39:15.148735	4	46	42
6	Steen Jensen	2800	2013-11-04 21:36:03.652683	2013-11-09 22:39:14.994924	2	27	23
48	Mathee Waranuijt	0	2013-11-04 21:36:03.652683	2013-11-09 22:39:15.155085	3	47	29
77	Martin Kolding	0	2013-11-04 21:36:03.652683	2013-11-09 22:39:15.172123	3	48	43
79	Kurt Nørgaard	0	2013-11-04 21:36:03.652683	2013-11-09 22:39:15.178155	6	49	44
33	Ole K. Schrøter	17800	2013-11-04 21:36:03.652683	2013-11-09 22:39:14.821384	1	5	11
66	Anvar Mirzaei	0	2013-11-04 21:36:03.652683	2013-11-09 22:39:15.185925	1	50	45
80	Jacob Svenstrup	0	2013-11-04 21:36:03.652683	2013-11-09 22:39:15.199227	2	51	46
82	Houssain Rezai	0	2013-11-04 21:36:03.652683	2013-11-09 22:39:15.206079	3	52	47
84	Karsten Johansen	0	2013-11-04 21:36:03.652683	2013-11-09 22:39:15.211733	8	53	48
55	Andrew Jones	0	2013-11-04 21:36:03.652683	2013-11-09 22:39:15.217135	1	54	49
29	Andy Nielsen	0	2013-11-04 21:36:03.652683	2013-11-09 22:39:15.227364	1	55	50
88	Jesper Jørgensen	0	2013-11-04 21:36:03.652683	2013-11-09 22:39:15.235109	4	56	51
39	Krzysztof Michalsk	0	2013-11-04 21:36:03.652683	2013-11-09 22:39:15.240539	5	57	52
4	Danny Eriksen	10000	2013-11-04 21:36:03.652683	2013-11-09 22:39:14.874472	3	12	8
13	Daniel Ingmer Jallov	36400	2013-11-04 21:36:03.652683	2013-11-09 22:39:14.544475	1	1	1
71	Henrik Ziegler	0	2013-11-04 21:36:03.652683	2013-11-09 22:39:15.247101	3	58	36
37	Allan Bruun	0	2013-11-04 21:36:03.652683	2013-11-09 22:39:15.258698	3	59	53
45	Thomas Thomsen	0	2013-11-04 21:36:03.652683	2013-11-09 22:39:15.264334	6	60	54
44	Søren Bjarnøe	0	2013-11-04 21:36:03.652683	2013-11-09 22:39:15.275473	1	61	55
27	Antti Koskela	0	2013-11-04 21:36:03.652683	2013-11-09 22:39:15.292633	5	62	24
\.


--
-- Name: players_id_seq; Type: SEQUENCE SET; Schema: public; Owner: daniel
--

SELECT pg_catalog.setval('players_id_seq', 89, true);


--
-- Data for Name: profiles; Type: TABLE DATA; Schema: public; Owner: daniel
--

COPY profiles (id, player_id, born_year, start_year, cue, training_week, fav_training, highest_break_tournament, highest_break_practice, best_result, best_match, favourite_player, hobbies, fav_music, fav_movie, created_at, updated_at, email, phone, avatar_file_name, avatar_content_type, avatar_file_size, avatar_updated_at) FROM stdin;
1	2	1964													2013-11-07 22:05:41.339937	2013-11-07 22:20:12.8733			sloth.jpeg	image/jpeg	61916	2013-11-07 22:20:12.77142
\.


--
-- Name: profiles_id_seq; Type: SEQUENCE SET; Schema: public; Owner: daniel
--

SELECT pg_catalog.setval('profiles_id_seq', 1, true);


--
-- Data for Name: rankings; Type: TABLE DATA; Schema: public; Owner: daniel
--

COPY rankings (id, player_id, tournament_id, ranking, ranking_points, tournaments_played, created_at, updated_at) FROM stdin;
1	1	6	1	45000	4	2013-11-04 21:36:03.652683	2013-11-04 21:36:03.652683
2	4	6	2	40000	5	2013-11-04 21:36:03.652683	2013-11-04 21:36:03.652683
3	2	6	3	32800	4	2013-11-04 21:36:03.652683	2013-11-04 21:36:03.652683
4	8	6	4	31400	6	2013-11-04 21:36:03.652683	2013-11-04 21:36:03.652683
5	9	6	5	26300	6	2013-11-04 21:36:03.652683	2013-11-04 21:36:03.652683
6	36	6	6	23900	4	2013-11-04 21:36:03.652683	2013-11-04 21:36:03.652683
7	20	6	7	22900	5	2013-11-04 21:36:03.652683	2013-11-04 21:36:03.652683
8	13	6	8	22750	6	2013-11-04 21:36:03.652683	2013-11-04 21:36:03.652683
9	15	6	9	22100	3	2013-11-04 21:36:03.652683	2013-11-04 21:36:03.652683
10	64	6	10	21300	5	2013-11-04 21:36:03.652683	2013-11-04 21:36:03.652683
11	11	6	11	18400	3	2013-11-04 21:36:03.652683	2013-11-04 21:36:03.652683
12	48	6	12	18200	4	2013-11-04 21:36:03.652683	2013-11-04 21:36:03.652683
13	6	6	13	17500	5	2013-11-04 21:36:03.652683	2013-11-04 21:36:03.652683
14	63	6	14	16500	5	2013-11-04 21:36:03.652683	2013-11-04 21:36:03.652683
15	7	6	15	14200	5	2013-11-04 21:36:03.652683	2013-11-04 21:36:03.652683
16	32	6	16	13625	4	2013-11-04 21:36:03.652683	2013-11-04 21:36:03.652683
17	42	6	17	12300	3	2013-11-04 21:36:03.652683	2013-11-04 21:36:03.652683
18	80	6	18	11350	4	2013-11-04 21:36:03.652683	2013-11-04 21:36:03.652683
19	18	6	19	11300	2	2013-11-04 21:36:03.652683	2013-11-04 21:36:03.652683
20	16	6	20	10400	3	2013-11-04 21:36:03.652683	2013-11-04 21:36:03.652683
21	31	6	21	10200	2	2013-11-04 21:36:03.652683	2013-11-04 21:36:03.652683
22	37	6	22	9500	2	2013-11-04 21:36:03.652683	2013-11-04 21:36:03.652683
23	49	6	23	8500	2	2013-11-04 21:36:03.652683	2013-11-04 21:36:03.652683
24	77	6	24	7075	4	2013-11-04 21:36:03.652683	2013-11-04 21:36:03.652683
25	23	6	25	6600	2	2013-11-04 21:36:03.652683	2013-11-04 21:36:03.652683
26	30	6	26	6400	1	2013-11-04 21:36:03.652683	2013-11-04 21:36:03.652683
27	54	6	27	5900	2	2013-11-04 21:36:03.652683	2013-11-04 21:36:03.652683
28	52	6	28	5900	2	2013-11-04 21:36:03.652683	2013-11-04 21:36:03.652683
29	56	6	29	5000	1	2013-11-04 21:36:03.652683	2013-11-04 21:36:03.652683
30	34	6	30	5000	1	2013-11-04 21:36:03.652683	2013-11-04 21:36:03.652683
31	43	6	31	3800	1	2013-11-04 21:36:03.652683	2013-11-04 21:36:03.652683
32	47	6	32	3800	1	2013-11-04 21:36:03.652683	2013-11-04 21:36:03.652683
33	14	6	33	3250	2	2013-11-04 21:36:03.652683	2013-11-04 21:36:03.652683
34	58	6	34	2500	1	2013-11-04 21:36:03.652683	2013-11-04 21:36:03.652683
35	59	6	35	2500	1	2013-11-04 21:36:03.652683	2013-11-04 21:36:03.652683
36	60	6	36	2500	1	2013-11-04 21:36:03.652683	2013-11-04 21:36:03.652683
37	62	6	37	2300	1	2013-11-04 21:36:03.652683	2013-11-04 21:36:03.652683
38	73	6	38	1150	1	2013-11-04 21:36:03.652683	2013-11-04 21:36:03.652683
39	46	6	39	1150	1	2013-11-04 21:36:03.652683	2013-11-04 21:36:03.652683
40	75	6	40	1150	1	2013-11-04 21:36:03.652683	2013-11-04 21:36:03.652683
41	57	6	41	900	1	2013-11-04 21:36:03.652683	2013-11-04 21:36:03.652683
42	1	7	1	53000	5	2013-11-04 21:36:03.652683	2013-11-04 21:36:03.652683
43	4	7	2	46400	6	2013-11-04 21:36:03.652683	2013-11-04 21:36:03.652683
44	2	7	3	42800	5	2013-11-04 21:36:03.652683	2013-11-04 21:36:03.652683
45	8	7	4	35300	6	2013-11-04 21:36:03.652683	2013-11-04 21:36:03.652683
46	36	7	5	27700	5	2013-11-04 21:36:03.652683	2013-11-04 21:36:03.652683
47	15	7	6	27100	4	2013-11-04 21:36:03.652683	2013-11-04 21:36:03.652683
48	64	7	7	23200	6	2013-11-04 21:36:03.652683	2013-11-04 21:36:03.652683
49	6	7	8	22500	6	2013-11-04 21:36:03.652683	2013-11-04 21:36:03.652683
50	63	7	9	20300	6	2013-11-04 21:36:03.652683	2013-11-04 21:36:03.652683
51	13	7	10	20150	6	2013-11-04 21:36:03.652683	2013-11-04 21:36:03.652683
52	20	7	11	19900	5	2013-11-04 21:36:03.652683	2013-11-04 21:36:03.652683
53	32	7	12	18625	5	2013-11-04 21:36:03.652683	2013-11-04 21:36:03.652683
54	11	7	13	18400	3	2013-11-04 21:36:03.652683	2013-11-04 21:36:03.652683
55	9	7	14	18200	6	2013-11-04 21:36:03.652683	2013-11-04 21:36:03.652683
56	48	7	15	18200	4	2013-11-04 21:36:03.652683	2013-11-04 21:36:03.652683
57	7	7	16	17000	6	2013-11-04 21:36:03.652683	2013-11-04 21:36:03.652683
58	80	7	17	15150	5	2013-11-04 21:36:03.652683	2013-11-04 21:36:03.652683
59	16	7	18	14200	4	2013-11-04 21:36:03.652683	2013-11-04 21:36:03.652683
60	42	7	19	12300	3	2013-11-04 21:36:03.652683	2013-11-04 21:36:03.652683
61	18	7	20	11300	2	2013-11-04 21:36:03.652683	2013-11-04 21:36:03.652683
62	31	7	21	10200	2	2013-11-04 21:36:03.652683	2013-11-04 21:36:03.652683
63	54	7	22	9700	3	2013-11-04 21:36:03.652683	2013-11-04 21:36:03.652683
64	37	7	23	9500	2	2013-11-04 21:36:03.652683	2013-11-04 21:36:03.652683
65	23	7	24	9400	3	2013-11-04 21:36:03.652683	2013-11-04 21:36:03.652683
66	49	7	25	8500	2	2013-11-04 21:36:03.652683	2013-11-04 21:36:03.652683
67	77	7	26	7075	4	2013-11-04 21:36:03.652683	2013-11-04 21:36:03.652683
68	14	7	27	6050	3	2013-11-04 21:36:03.652683	2013-11-04 21:36:03.652683
69	52	7	28	5900	2	2013-11-04 21:36:03.652683	2013-11-04 21:36:03.652683
70	34	7	29	5000	1	2013-11-04 21:36:03.652683	2013-11-04 21:36:03.652683
71	56	7	30	5000	1	2013-11-04 21:36:03.652683	2013-11-04 21:36:03.652683
72	85	7	31	3800	1	2013-11-04 21:36:03.652683	2013-11-04 21:36:03.652683
73	47	7	32	3800	1	2013-11-04 21:36:03.652683	2013-11-04 21:36:03.652683
74	43	7	33	3800	1	2013-11-04 21:36:03.652683	2013-11-04 21:36:03.652683
75	69	7	34	2800	1	2013-11-04 21:36:03.652683	2013-11-04 21:36:03.652683
76	62	7	35	2300	1	2013-11-04 21:36:03.652683	2013-11-04 21:36:03.652683
77	71	7	36	1150	1	2013-11-04 21:36:03.652683	2013-11-04 21:36:03.652683
78	76	7	37	1150	1	2013-11-04 21:36:03.652683	2013-11-04 21:36:03.652683
79	19	7	38	1150	1	2013-11-04 21:36:03.652683	2013-11-04 21:36:03.652683
80	3	7	39	1150	1	2013-11-04 21:36:03.652683	2013-11-04 21:36:03.652683
81	75	7	40	1150	1	2013-11-04 21:36:03.652683	2013-11-04 21:36:03.652683
82	46	7	41	1150	1	2013-11-04 21:36:03.652683	2013-11-04 21:36:03.652683
83	73	7	42	1150	1	2013-11-04 21:36:03.652683	2013-11-04 21:36:03.652683
84	57	7	43	900	1	2013-11-04 21:36:03.652683	2013-11-04 21:36:03.652683
85	1	8	1	58000	5	2013-11-04 21:36:03.652683	2013-11-04 21:36:03.652683
86	2	8	2	48400	5	2013-11-04 21:36:03.652683	2013-11-04 21:36:03.652683
87	4	8	3	48000	6	2013-11-04 21:36:03.652683	2013-11-04 21:36:03.652683
88	8	8	4	37800	6	2013-11-04 21:36:03.652683	2013-11-04 21:36:03.652683
89	15	8	5	29950	5	2013-11-04 21:36:03.652683	2013-11-04 21:36:03.652683
90	64	8	6	28800	6	2013-11-04 21:36:03.652683	2013-11-04 21:36:03.652683
91	13	8	7	26500	6	2013-11-04 21:36:03.652683	2013-11-04 21:36:03.652683
92	36	8	8	25550	5	2013-11-04 21:36:03.652683	2013-11-04 21:36:03.652683
93	63	8	9	23200	6	2013-11-04 21:36:03.652683	2013-11-04 21:36:03.652683
94	20	8	10	21800	5	2013-11-04 21:36:03.652683	2013-11-04 21:36:03.652683
95	6	8	11	21550	6	2013-11-04 21:36:03.652683	2013-11-04 21:36:03.652683
96	9	8	12	21000	6	2013-11-04 21:36:03.652683	2013-11-04 21:36:03.652683
97	32	8	13	19325	5	2013-11-04 21:36:03.652683	2013-11-04 21:36:03.652683
98	7	8	14	19050	6	2013-11-04 21:36:03.652683	2013-11-04 21:36:03.652683
99	80	8	15	18600	6	2013-11-04 21:36:03.652683	2013-11-04 21:36:03.652683
100	11	8	16	18400	3	2013-11-04 21:36:03.652683	2013-11-04 21:36:03.652683
101	54	8	17	15400	4	2013-11-04 21:36:03.652683	2013-11-04 21:36:03.652683
102	23	8	18	15100	4	2013-11-04 21:36:03.652683	2013-11-04 21:36:03.652683
103	16	8	19	14850	4	2013-11-04 21:36:03.652683	2013-11-04 21:36:03.652683
104	48	8	20	14400	3	2013-11-04 21:36:03.652683	2013-11-04 21:36:03.652683
105	31	8	21	13400	2	2013-11-04 21:36:03.652683	2013-11-04 21:36:03.652683
106	37	8	22	13200	2	2013-11-04 21:36:03.652683	2013-11-04 21:36:03.652683
107	18	8	23	11300	2	2013-11-04 21:36:03.652683	2013-11-04 21:36:03.652683
108	49	8	24	8500	2	2013-11-04 21:36:03.652683	2013-11-04 21:36:03.652683
109	42	8	25	8500	2	2013-11-04 21:36:03.652683	2013-11-04 21:36:03.652683
110	85	8	26	8000	2	2013-11-04 21:36:03.652683	2013-11-04 21:36:03.652683
111	77	8	27	7650	4	2013-11-04 21:36:03.652683	2013-11-04 21:36:03.652683
112	14	8	28	6050	3	2013-11-04 21:36:03.652683	2013-11-04 21:36:03.652683
113	52	8	29	5900	2	2013-11-04 21:36:03.652683	2013-11-04 21:36:03.652683
114	34	8	30	5000	1	2013-11-04 21:36:03.652683	2013-11-04 21:36:03.652683
115	40	8	31	4200	1	2013-11-04 21:36:03.652683	2013-11-04 21:36:03.652683
116	56	8	32	4200	1	2013-11-04 21:36:03.652683	2013-11-04 21:36:03.652683
117	69	8	33	4150	2	2013-11-04 21:36:03.652683	2013-11-04 21:36:03.652683
118	43	8	34	3800	1	2013-11-04 21:36:03.652683	2013-11-04 21:36:03.652683
119	19	8	35	2500	2	2013-11-04 21:36:03.652683	2013-11-04 21:36:03.652683
120	71	8	36	2500	2	2013-11-04 21:36:03.652683	2013-11-04 21:36:03.652683
121	62	8	37	2300	1	2013-11-04 21:36:03.652683	2013-11-04 21:36:03.652683
122	46	8	38	1150	1	2013-11-04 21:36:03.652683	2013-11-04 21:36:03.652683
123	73	8	39	1150	1	2013-11-04 21:36:03.652683	2013-11-04 21:36:03.652683
124	75	8	40	1150	1	2013-11-04 21:36:03.652683	2013-11-04 21:36:03.652683
125	76	8	41	1150	1	2013-11-04 21:36:03.652683	2013-11-04 21:36:03.652683
126	3	8	42	1150	1	2013-11-04 21:36:03.652683	2013-11-04 21:36:03.652683
127	57	8	43	900	1	2013-11-04 21:36:03.652683	2013-11-04 21:36:03.652683
128	1	9	1	56000	5	2013-11-04 21:36:03.652683	2013-11-04 21:36:03.652683
129	2	9	2	50400	5	2013-11-04 21:36:03.652683	2013-11-04 21:36:03.652683
130	4	9	3	48000	6	2013-11-04 21:36:03.652683	2013-11-04 21:36:03.652683
131	8	9	4	32800	5	2013-11-04 21:36:03.652683	2013-11-04 21:36:03.652683
132	64	9	5	30200	6	2013-11-04 21:36:03.652683	2013-11-04 21:36:03.652683
133	13	9	6	24600	6	2013-11-04 21:36:03.652683	2013-11-04 21:36:03.652683
134	6	9	7	23750	6	2013-11-04 21:36:03.652683	2013-11-04 21:36:03.652683
135	20	9	8	23700	6	2013-11-04 21:36:03.652683	2013-11-04 21:36:03.652683
136	15	9	9	23550	4	2013-11-04 21:36:03.652683	2013-11-04 21:36:03.652683
137	9	9	10	22500	6	2013-11-04 21:36:03.652683	2013-11-04 21:36:03.652683
138	63	9	11	22300	6	2013-11-04 21:36:03.652683	2013-11-04 21:36:03.652683
139	80	9	12	21500	6	2013-11-04 21:36:03.652683	2013-11-04 21:36:03.652683
140	36	9	13	20550	4	2013-11-04 21:36:03.652683	2013-11-04 21:36:03.652683
141	23	9	14	20100	5	2013-11-04 21:36:03.652683	2013-11-04 21:36:03.652683
142	7	9	15	19050	6	2013-11-04 21:36:03.652683	2013-11-04 21:36:03.652683
143	48	9	16	18200	4	2013-11-04 21:36:03.652683	2013-11-04 21:36:03.652683
144	32	9	17	17425	4	2013-11-04 21:36:03.652683	2013-11-04 21:36:03.652683
145	54	9	18	15400	4	2013-11-04 21:36:03.652683	2013-11-04 21:36:03.652683
146	16	9	19	14850	4	2013-11-04 21:36:03.652683	2013-11-04 21:36:03.652683
147	31	9	20	14600	2	2013-11-04 21:36:03.652683	2013-11-04 21:36:03.652683
148	11	9	21	14600	2	2013-11-04 21:36:03.652683	2013-11-04 21:36:03.652683
149	37	9	22	13200	2	2013-11-04 21:36:03.652683	2013-11-04 21:36:03.652683
150	42	9	23	8500	2	2013-11-04 21:36:03.652683	2013-11-04 21:36:03.652683
151	85	9	24	8000	2	2013-11-04 21:36:03.652683	2013-11-04 21:36:03.652683
152	18	9	25	7500	1	2013-11-04 21:36:03.652683	2013-11-04 21:36:03.652683
153	3	9	26	6150	2	2013-11-04 21:36:03.652683	2013-11-04 21:36:03.652683
154	14	9	27	6050	3	2013-11-04 21:36:03.652683	2013-11-04 21:36:03.652683
155	49	9	28	5700	1	2013-11-04 21:36:03.652683	2013-11-04 21:36:03.652683
156	69	9	29	5550	3	2013-11-04 21:36:03.652683	2013-11-04 21:36:03.652683
157	52	9	30	4900	2	2013-11-04 21:36:03.652683	2013-11-04 21:36:03.652683
158	77	9	31	4850	3	2013-11-04 21:36:03.652683	2013-11-04 21:36:03.652683
159	56	9	32	4200	1	2013-11-04 21:36:03.652683	2013-11-04 21:36:03.652683
160	40	9	33	4200	1	2013-11-04 21:36:03.652683	2013-11-04 21:36:03.652683
161	76	9	34	3950	2	2013-11-04 21:36:03.652683	2013-11-04 21:36:03.652683
162	45	9	35	3800	1	2013-11-04 21:36:03.652683	2013-11-04 21:36:03.652683
163	19	9	36	3650	3	2013-11-04 21:36:03.652683	2013-11-04 21:36:03.652683
164	71	9	37	2500	2	2013-11-04 21:36:03.652683	2013-11-04 21:36:03.652683
165	75	9	38	1150	1	2013-11-04 21:36:03.652683	2013-11-04 21:36:03.652683
166	79	9	39	1150	1	2013-11-04 21:36:03.652683	2013-11-04 21:36:03.652683
167	28	9	40	1150	1	2013-11-04 21:36:03.652683	2013-11-04 21:36:03.652683
168	1	10	1	56000	5	2013-11-04 21:36:03.652683	2013-11-04 21:36:03.652683
169	2	10	2	54000	5	2013-11-04 21:36:03.652683	2013-11-04 21:36:03.652683
170	4	10	3	46400	6	2013-11-04 21:36:03.652683	2013-11-04 21:36:03.652683
171	64	10	4	34700	6	2013-11-04 21:36:03.652683	2013-11-04 21:36:03.652683
172	8	10	5	27800	4	2013-11-04 21:36:03.652683	2013-11-04 21:36:03.652683
173	6	10	6	27350	6	2013-11-04 21:36:03.652683	2013-11-04 21:36:03.652683
174	9	10	7	23400	6	2013-11-04 21:36:03.652683	2013-11-04 21:36:03.652683
175	13	10	8	22700	6	2013-11-04 21:36:03.652683	2013-11-04 21:36:03.652683
176	20	10	9	21800	5	2013-11-04 21:36:03.652683	2013-11-04 21:36:03.652683
177	23	10	10	21100	5	2013-11-04 21:36:03.652683	2013-11-04 21:36:03.652683
178	36	10	11	20550	4	2013-11-04 21:36:03.652683	2013-11-04 21:36:03.652683
179	80	10	12	20500	6	2013-11-04 21:36:03.652683	2013-11-04 21:36:03.652683
180	63	10	13	19200	6	2013-11-04 21:36:03.652683	2013-11-04 21:36:03.652683
181	7	10	14	17850	6	2013-11-04 21:36:03.652683	2013-11-04 21:36:03.652683
182	32	10	15	17425	4	2013-11-04 21:36:03.652683	2013-11-04 21:36:03.652683
183	15	10	16	15450	4	2013-11-04 21:36:03.652683	2013-11-04 21:36:03.652683
184	16	10	17	14850	4	2013-11-04 21:36:03.652683	2013-11-04 21:36:03.652683
185	31	10	18	14600	2	2013-11-04 21:36:03.652683	2013-11-04 21:36:03.652683
186	3	10	19	14150	3	2013-11-04 21:36:03.652683	2013-11-04 21:36:03.652683
187	37	10	20	13200	2	2013-11-04 21:36:03.652683	2013-11-04 21:36:03.652683
188	48	10	21	11800	3	2013-11-04 21:36:03.652683	2013-11-04 21:36:03.652683
189	54	10	22	11600	3	2013-11-04 21:36:03.652683	2013-11-04 21:36:03.652683
190	49	10	23	10700	2	2013-11-04 21:36:03.652683	2013-11-04 21:36:03.652683
191	11	10	24	9600	1	2013-11-04 21:36:03.652683	2013-11-04 21:36:03.652683
192	45	10	25	8800	2	2013-11-04 21:36:03.652683	2013-11-04 21:36:03.652683
193	85	10	26	8000	2	2013-11-04 21:36:03.652683	2013-11-04 21:36:03.652683
194	18	10	27	7500	1	2013-11-04 21:36:03.652683	2013-11-04 21:36:03.652683
195	76	10	28	6750	3	2013-11-04 21:36:03.652683	2013-11-04 21:36:03.652683
196	69	10	29	6700	4	2013-11-04 21:36:03.652683	2013-11-04 21:36:03.652683
197	42	10	30	5700	1	2013-11-04 21:36:03.652683	2013-11-04 21:36:03.652683
198	34	10	31	5000	1	2013-11-04 21:36:03.652683	2013-11-04 21:36:03.652683
199	14	10	32	4900	2	2013-11-04 21:36:03.652683	2013-11-04 21:36:03.652683
200	52	10	33	4900	2	2013-11-04 21:36:03.652683	2013-11-04 21:36:03.652683
201	19	10	34	4800	4	2013-11-04 21:36:03.652683	2013-11-04 21:36:03.652683
202	77	10	35	4600	3	2013-11-04 21:36:03.652683	2013-11-04 21:36:03.652683
203	56	10	36	4200	1	2013-11-04 21:36:03.652683	2013-11-04 21:36:03.652683
204	40	10	37	4200	1	2013-11-04 21:36:03.652683	2013-11-04 21:36:03.652683
205	57	10	38	3800	1	2013-11-04 21:36:03.652683	2013-11-04 21:36:03.652683
206	41	10	39	2800	1	2013-11-04 21:36:03.652683	2013-11-04 21:36:03.652683
207	71	10	40	2500	2	2013-11-04 21:36:03.652683	2013-11-04 21:36:03.652683
208	79	10	41	2300	2	2013-11-04 21:36:03.652683	2013-11-04 21:36:03.652683
209	28	10	42	1150	1	2013-11-04 21:36:03.652683	2013-11-04 21:36:03.652683
210	81	10	43	900	1	2013-11-04 21:36:03.652683	2013-11-04 21:36:03.652683
211	24	10	44	900	1	2013-11-04 21:36:03.652683	2013-11-04 21:36:03.652683
212	2	11	1	54000	5	2013-11-04 21:36:03.652683	2013-11-04 21:36:03.652683
213	1	11	2	54000	5	2013-11-04 21:36:03.652683	2013-11-04 21:36:03.652683
214	4	11	3	43400	6	2013-11-04 21:36:03.652683	2013-11-04 21:36:03.652683
215	64	11	4	31600	6	2013-11-04 21:36:03.652683	2013-11-04 21:36:03.652683
216	8	11	5	27800	4	2013-11-04 21:36:03.652683	2013-11-04 21:36:03.652683
217	31	11	6	24600	3	2013-11-04 21:36:03.652683	2013-11-04 21:36:03.652683
218	6	11	7	23550	5	2013-11-04 21:36:03.652683	2013-11-04 21:36:03.652683
219	13	11	8	22700	6	2013-11-04 21:36:03.652683	2013-11-04 21:36:03.652683
220	15	11	9	21850	5	2013-11-04 21:36:03.652683	2013-11-04 21:36:03.652683
221	7	11	10	20950	6	2013-11-04 21:36:03.652683	2013-11-04 21:36:03.652683
222	9	11	11	20300	6	2013-11-04 21:36:03.652683	2013-11-04 21:36:03.652683
223	23	11	12	19200	5	2013-11-04 21:36:03.652683	2013-11-04 21:36:03.652683
224	3	11	13	19150	4	2013-11-04 21:36:03.652683	2013-11-04 21:36:03.652683
225	80	11	14	19000	6	2013-11-04 21:36:03.652683	2013-11-04 21:36:03.652683
226	63	11	15	18200	6	2013-11-04 21:36:03.652683	2013-11-04 21:36:03.652683
227	37	11	16	17000	3	2013-11-04 21:36:03.652683	2013-11-04 21:36:03.652683
228	20	11	17	16800	4	2013-11-04 21:36:03.652683	2013-11-04 21:36:03.652683
229	36	11	18	16050	4	2013-11-04 21:36:03.652683	2013-11-04 21:36:03.652683
230	49	11	19	15700	3	2013-11-04 21:36:03.652683	2013-11-04 21:36:03.652683
231	54	11	20	15400	4	2013-11-04 21:36:03.652683	2013-11-04 21:36:03.652683
232	16	11	21	14850	4	2013-11-04 21:36:03.652683	2013-11-04 21:36:03.652683
233	32	11	22	14725	4	2013-11-04 21:36:03.652683	2013-11-04 21:36:03.652683
234	45	11	23	10600	3	2013-11-04 21:36:03.652683	2013-11-04 21:36:03.652683
235	11	11	24	9600	1	2013-11-04 21:36:03.652683	2013-11-04 21:36:03.652683
236	85	11	25	8000	2	2013-11-04 21:36:03.652683	2013-11-04 21:36:03.652683
237	48	11	26	8000	2	2013-11-04 21:36:03.652683	2013-11-04 21:36:03.652683
238	76	11	27	7650	4	2013-11-04 21:36:03.652683	2013-11-04 21:36:03.652683
239	69	11	28	7600	5	2013-11-04 21:36:03.652683	2013-11-04 21:36:03.652683
240	18	11	29	7500	1	2013-11-04 21:36:03.652683	2013-11-04 21:36:03.652683
241	19	11	30	6600	5	2013-11-04 21:36:03.652683	2013-11-04 21:36:03.652683
242	57	11	31	6600	2	2013-11-04 21:36:03.652683	2013-11-04 21:36:03.652683
243	42	11	32	5700	1	2013-11-04 21:36:03.652683	2013-11-04 21:36:03.652683
244	41	11	33	5100	2	2013-11-04 21:36:03.652683	2013-11-04 21:36:03.652683
245	34	11	34	5000	1	2013-11-04 21:36:03.652683	2013-11-04 21:36:03.652683
246	14	11	35	4900	2	2013-11-04 21:36:03.652683	2013-11-04 21:36:03.652683
247	52	11	36	4900	2	2013-11-04 21:36:03.652683	2013-11-04 21:36:03.652683
248	77	11	37	4600	3	2013-11-04 21:36:03.652683	2013-11-04 21:36:03.652683
249	56	11	38	4200	1	2013-11-04 21:36:03.652683	2013-11-04 21:36:03.652683
250	40	11	39	4200	1	2013-11-04 21:36:03.652683	2013-11-04 21:36:03.652683
251	24	11	40	3200	2	2013-11-04 21:36:03.652683	2013-11-04 21:36:03.652683
252	79	11	41	3200	3	2013-11-04 21:36:03.652683	2013-11-04 21:36:03.652683
253	17	11	42	2800	1	2013-11-04 21:36:03.652683	2013-11-04 21:36:03.652683
254	5	11	43	2800	1	2013-11-04 21:36:03.652683	2013-11-04 21:36:03.652683
255	71	11	44	2500	2	2013-11-04 21:36:03.652683	2013-11-04 21:36:03.652683
256	28	11	45	1150	1	2013-11-04 21:36:03.652683	2013-11-04 21:36:03.652683
257	33	11	46	900	1	2013-11-04 21:36:03.652683	2013-11-04 21:36:03.652683
258	81	11	47	900	1	2013-11-04 21:36:03.652683	2013-11-04 21:36:03.652683
259	2	12	1	48400	5	2013-11-04 21:36:03.652683	2013-11-04 21:36:03.652683
260	1	12	2	47000	5	2013-11-04 21:36:03.652683	2013-11-04 21:36:03.652683
261	4	12	3	38800	6	2013-11-04 21:36:03.652683	2013-11-04 21:36:03.652683
262	31	12	4	34600	4	2013-11-04 21:36:03.652683	2013-11-04 21:36:03.652683
263	8	12	5	26700	4	2013-11-04 21:36:03.652683	2013-11-04 21:36:03.652683
264	64	12	6	26000	6	2013-11-04 21:36:03.652683	2013-11-04 21:36:03.652683
265	13	12	7	22000	6	2013-11-04 21:36:03.652683	2013-11-04 21:36:03.652683
266	23	12	8	21500	6	2013-11-04 21:36:03.652683	2013-11-04 21:36:03.652683
267	7	12	9	21150	6	2013-11-04 21:36:03.652683	2013-11-04 21:36:03.652683
268	3	12	10	20050	5	2013-11-04 21:36:03.652683	2013-11-04 21:36:03.652683
269	6	12	11	19750	5	2013-11-04 21:36:03.652683	2013-11-04 21:36:03.652683
270	16	12	12	18650	5	2013-11-04 21:36:03.652683	2013-11-04 21:36:03.652683
271	9	12	13	18400	6	2013-11-04 21:36:03.652683	2013-11-04 21:36:03.652683
272	80	12	14	17050	6	2013-11-04 21:36:03.652683	2013-11-04 21:36:03.652683
273	63	12	15	17000	6	2013-11-04 21:36:03.652683	2013-11-04 21:36:03.652683
274	37	12	16	16300	3	2013-11-04 21:36:03.652683	2013-11-04 21:36:03.652683
275	15	12	17	16150	4	2013-11-04 21:36:03.652683	2013-11-04 21:36:03.652683
276	54	12	18	16100	4	2013-11-04 21:36:03.652683	2013-11-04 21:36:03.652683
277	32	12	19	15800	4	2013-11-04 21:36:03.652683	2013-11-04 21:36:03.652683
278	20	12	20	14400	4	2013-11-04 21:36:03.652683	2013-11-04 21:36:03.652683
279	45	12	21	14400	4	2013-11-04 21:36:03.652683	2013-11-04 21:36:03.652683
280	36	12	22	12350	4	2013-11-04 21:36:03.652683	2013-11-04 21:36:03.652683
281	49	12	23	10000	2	2013-11-04 21:36:03.652683	2013-11-04 21:36:03.652683
282	56	12	24	9200	2	2013-11-04 21:36:03.652683	2013-11-04 21:36:03.652683
283	76	12	25	8550	5	2013-11-04 21:36:03.652683	2013-11-04 21:36:03.652683
284	69	12	26	8500	6	2013-11-04 21:36:03.652683	2013-11-04 21:36:03.652683
285	85	12	27	8000	2	2013-11-04 21:36:03.652683	2013-11-04 21:36:03.652683
286	19	12	28	7500	6	2013-11-04 21:36:03.652683	2013-11-04 21:36:03.652683
287	5	12	29	6600	2	2013-11-04 21:36:03.652683	2013-11-04 21:36:03.652683
288	57	12	30	6600	2	2013-11-04 21:36:03.652683	2013-11-04 21:36:03.652683
289	24	12	31	6000	3	2013-11-04 21:36:03.652683	2013-11-04 21:36:03.652683
290	17	12	32	5600	2	2013-11-04 21:36:03.652683	2013-11-04 21:36:03.652683
291	41	12	33	5100	2	2013-11-04 21:36:03.652683	2013-11-04 21:36:03.652683
292	34	12	34	5000	1	2013-11-04 21:36:03.652683	2013-11-04 21:36:03.652683
293	40	12	35	4200	1	2013-11-04 21:36:03.652683	2013-11-04 21:36:03.652683
294	48	12	36	3800	1	2013-11-04 21:36:03.652683	2013-11-04 21:36:03.652683
295	12	12	37	3800	1	2013-11-04 21:36:03.652683	2013-11-04 21:36:03.652683
296	79	12	38	3200	3	2013-11-04 21:36:03.652683	2013-11-04 21:36:03.652683
297	77	12	39	2875	2	2013-11-04 21:36:03.652683	2013-11-04 21:36:03.652683
298	14	12	40	2800	1	2013-11-04 21:36:03.652683	2013-11-04 21:36:03.652683
299	52	12	41	2800	1	2013-11-04 21:36:03.652683	2013-11-04 21:36:03.652683
300	71	12	42	2500	2	2013-11-04 21:36:03.652683	2013-11-04 21:36:03.652683
301	10	12	43	2300	1	2013-11-04 21:36:03.652683	2013-11-04 21:36:03.652683
302	42	12	44	2300	1	2013-11-04 21:36:03.652683	2013-11-04 21:36:03.652683
303	28	12	45	1150	1	2013-11-04 21:36:03.652683	2013-11-04 21:36:03.652683
304	82	12	46	900	1	2013-11-04 21:36:03.652683	2013-11-04 21:36:03.652683
305	81	12	47	900	1	2013-11-04 21:36:03.652683	2013-11-04 21:36:03.652683
306	33	12	48	900	1	2013-11-04 21:36:03.652683	2013-11-04 21:36:03.652683
307	67	12	49	650	1	2013-11-04 21:36:03.652683	2013-11-04 21:36:03.652683
308	1	13	1	49000	5	2013-11-04 21:36:03.652683	2013-11-04 21:36:03.652683
309	2	13	2	44800	5	2013-11-04 21:36:03.652683	2013-11-04 21:36:03.652683
310	31	13	3	42600	5	2013-11-04 21:36:03.652683	2013-11-04 21:36:03.652683
311	4	13	4	34300	6	2013-11-04 21:36:03.652683	2013-11-04 21:36:03.652683
312	64	13	5	29100	6	2013-11-04 21:36:03.652683	2013-11-04 21:36:03.652683
313	3	13	6	25300	5	2013-11-04 21:36:03.652683	2013-11-04 21:36:03.652683
314	8	13	7	25300	4	2013-11-04 21:36:03.652683	2013-11-04 21:36:03.652683
315	13	13	8	23200	6	2013-11-04 21:36:03.652683	2013-11-04 21:36:03.652683
316	7	13	9	21150	6	2013-11-04 21:36:03.652683	2013-11-04 21:36:03.652683
317	23	13	10	20600	6	2013-11-04 21:36:03.652683	2013-11-04 21:36:03.652683
318	9	13	11	20300	6	2013-11-04 21:36:03.652683	2013-11-04 21:36:03.652683
319	6	13	12	18550	5	2013-11-04 21:36:03.652683	2013-11-04 21:36:03.652683
320	63	13	13	17000	6	2013-11-04 21:36:03.652683	2013-11-04 21:36:03.652683
321	37	13	14	16300	3	2013-11-04 21:36:03.652683	2013-11-04 21:36:03.652683
322	15	13	15	16150	4	2013-11-04 21:36:03.652683	2013-11-04 21:36:03.652683
323	16	13	16	14850	4	2013-11-04 21:36:03.652683	2013-11-04 21:36:03.652683
324	45	13	17	14400	4	2013-11-04 21:36:03.652683	2013-11-04 21:36:03.652683
325	49	13	18	13800	3	2013-11-04 21:36:03.652683	2013-11-04 21:36:03.652683
326	80	13	19	13250	5	2013-11-04 21:36:03.652683	2013-11-04 21:36:03.652683
327	54	13	20	12300	3	2013-11-04 21:36:03.652683	2013-11-04 21:36:03.652683
328	32	13	21	10800	3	2013-11-04 21:36:03.652683	2013-11-04 21:36:03.652683
329	20	13	22	10800	4	2013-11-04 21:36:03.652683	2013-11-04 21:36:03.652683
330	56	13	23	9200	2	2013-11-04 21:36:03.652683	2013-11-04 21:36:03.652683
331	76	13	24	8550	5	2013-11-04 21:36:03.652683	2013-11-04 21:36:03.652683
332	36	13	25	8550	3	2013-11-04 21:36:03.652683	2013-11-04 21:36:03.652683
333	69	13	26	8500	6	2013-11-04 21:36:03.652683	2013-11-04 21:36:03.652683
334	19	13	27	7750	6	2013-11-04 21:36:03.652683	2013-11-04 21:36:03.652683
335	24	13	28	6900	4	2013-11-04 21:36:03.652683	2013-11-04 21:36:03.652683
336	57	13	29	6600	2	2013-11-04 21:36:03.652683	2013-11-04 21:36:03.652683
337	5	13	30	6600	2	2013-11-04 21:36:03.652683	2013-11-04 21:36:03.652683
338	10	13	31	6100	2	2013-11-04 21:36:03.652683	2013-11-04 21:36:03.652683
339	17	13	32	5600	2	2013-11-04 21:36:03.652683	2013-11-04 21:36:03.652683
340	41	13	33	5100	2	2013-11-04 21:36:03.652683	2013-11-04 21:36:03.652683
341	34	13	34	5000	1	2013-11-04 21:36:03.652683	2013-11-04 21:36:03.652683
342	85	13	35	4200	1	2013-11-04 21:36:03.652683	2013-11-04 21:36:03.652683
343	40	13	36	4200	1	2013-11-04 21:36:03.652683	2013-11-04 21:36:03.652683
344	12	13	37	3800	1	2013-11-04 21:36:03.652683	2013-11-04 21:36:03.652683
345	14	13	38	3800	1	2013-11-04 21:36:03.652683	2013-11-04 21:36:03.652683
346	48	13	39	3800	1	2013-11-04 21:36:03.652683	2013-11-04 21:36:03.652683
347	79	13	40	3200	3	2013-11-04 21:36:03.652683	2013-11-04 21:36:03.652683
348	77	13	41	2875	2	2013-11-04 21:36:03.652683	2013-11-04 21:36:03.652683
349	52	13	42	2800	1	2013-11-04 21:36:03.652683	2013-11-04 21:36:03.652683
350	42	13	43	2300	1	2013-11-04 21:36:03.652683	2013-11-04 21:36:03.652683
351	68	13	44	1800	1	2013-11-04 21:36:03.652683	2013-11-04 21:36:03.652683
352	71	13	45	1350	1	2013-11-04 21:36:03.652683	2013-11-04 21:36:03.652683
353	28	13	46	1150	1	2013-11-04 21:36:03.652683	2013-11-04 21:36:03.652683
354	82	13	47	900	1	2013-11-04 21:36:03.652683	2013-11-04 21:36:03.652683
355	33	13	48	900	1	2013-11-04 21:36:03.652683	2013-11-04 21:36:03.652683
356	81	13	49	900	1	2013-11-04 21:36:03.652683	2013-11-04 21:36:03.652683
357	67	13	50	650	1	2013-11-04 21:36:03.652683	2013-11-04 21:36:03.652683
358	1	14	1	44000	5	2013-11-04 21:36:03.652683	2013-11-04 21:36:03.652683
359	2	14	2	37800	5	2013-11-04 21:36:03.652683	2013-11-04 21:36:03.652683
360	31	14	3	33000	4	2013-11-04 21:36:03.652683	2013-11-04 21:36:03.652683
361	4	14	4	32700	6	2013-11-04 21:36:03.652683	2013-11-04 21:36:03.652683
362	3	14	5	31700	6	2013-11-04 21:36:03.652683	2013-11-04 21:36:03.652683
363	64	14	6	23500	6	2013-11-04 21:36:03.652683	2013-11-04 21:36:03.652683
364	9	14	7	19900	6	2013-11-04 21:36:03.652683	2013-11-04 21:36:03.652683
365	7	14	8	19600	6	2013-11-04 21:36:03.652683	2013-11-04 21:36:03.652683
366	8	14	9	17800	3	2013-11-04 21:36:03.652683	2013-11-04 21:36:03.652683
367	13	14	10	17600	6	2013-11-04 21:36:03.652683	2013-11-04 21:36:03.652683
368	6	14	11	16850	5	2013-11-04 21:36:03.652683	2013-11-04 21:36:03.652683
369	23	14	12	16800	6	2013-11-04 21:36:03.652683	2013-11-04 21:36:03.652683
370	45	14	13	14400	4	2013-11-04 21:36:03.652683	2013-11-04 21:36:03.652683
371	49	14	14	13800	3	2013-11-04 21:36:03.652683	2013-11-04 21:36:03.652683
372	15	14	15	13300	3	2013-11-04 21:36:03.652683	2013-11-04 21:36:03.652683
373	36	14	16	12100	3	2013-11-04 21:36:03.652683	2013-11-04 21:36:03.652683
374	5	14	17	11600	3	2013-11-04 21:36:03.652683	2013-11-04 21:36:03.652683
375	16	14	18	11400	3	2013-11-04 21:36:03.652683	2013-11-04 21:36:03.652683
376	63	14	19	11300	5	2013-11-04 21:36:03.652683	2013-11-04 21:36:03.652683
377	10	14	20	11100	3	2013-11-04 21:36:03.652683	2013-11-04 21:36:03.652683
378	32	14	21	10100	3	2013-11-04 21:36:03.652683	2013-11-04 21:36:03.652683
379	80	14	22	9800	4	2013-11-04 21:36:03.652683	2013-11-04 21:36:03.652683
380	19	14	23	9200	6	2013-11-04 21:36:03.652683	2013-11-04 21:36:03.652683
381	37	14	24	8800	2	2013-11-04 21:36:03.652683	2013-11-04 21:36:03.652683
382	76	14	25	8550	5	2013-11-04 21:36:03.652683	2013-11-04 21:36:03.652683
383	24	14	26	8300	5	2013-11-04 21:36:03.652683	2013-11-04 21:36:03.652683
384	69	14	27	8300	6	2013-11-04 21:36:03.652683	2013-11-04 21:36:03.652683
385	56	14	28	7800	2	2013-11-04 21:36:03.652683	2013-11-04 21:36:03.652683
386	54	14	29	6600	2	2013-11-04 21:36:03.652683	2013-11-04 21:36:03.652683
387	48	14	30	6600	2	2013-11-04 21:36:03.652683	2013-11-04 21:36:03.652683
388	57	14	31	6600	2	2013-11-04 21:36:03.652683	2013-11-04 21:36:03.652683
389	68	14	32	5600	2	2013-11-04 21:36:03.652683	2013-11-04 21:36:03.652683
390	17	14	33	5600	2	2013-11-04 21:36:03.652683	2013-11-04 21:36:03.652683
391	41	14	34	5100	2	2013-11-04 21:36:03.652683	2013-11-04 21:36:03.652683
392	20	14	35	5100	3	2013-11-04 21:36:03.652683	2013-11-04 21:36:03.652683
393	34	14	36	5000	1	2013-11-04 21:36:03.652683	2013-11-04 21:36:03.652683
394	14	14	37	4950	2	2013-11-04 21:36:03.652683	2013-11-04 21:36:03.652683
395	28	14	38	4950	2	2013-11-04 21:36:03.652683	2013-11-04 21:36:03.652683
396	67	14	39	4450	2	2013-11-04 21:36:03.652683	2013-11-04 21:36:03.652683
397	12	14	40	3800	1	2013-11-04 21:36:03.652683	2013-11-04 21:36:03.652683
398	79	14	41	3200	3	2013-11-04 21:36:03.652683	2013-11-04 21:36:03.652683
399	52	14	42	2800	1	2013-11-04 21:36:03.652683	2013-11-04 21:36:03.652683
400	42	14	43	2300	1	2013-11-04 21:36:03.652683	2013-11-04 21:36:03.652683
401	77	14	44	1150	1	2013-11-04 21:36:03.652683	2013-11-04 21:36:03.652683
402	33	14	45	900	1	2013-11-04 21:36:03.652683	2013-11-04 21:36:03.652683
403	81	14	46	900	1	2013-11-04 21:36:03.652683	2013-11-04 21:36:03.652683
404	82	14	47	900	1	2013-11-04 21:36:03.652683	2013-11-04 21:36:03.652683
405	2	15	1	37800	5	2013-11-04 21:36:03.652683	2013-11-04 21:36:03.652683
406	1	15	2	36000	4	2013-11-04 21:36:03.652683	2013-11-04 21:36:03.652683
407	3	15	3	33100	6	2013-11-04 21:36:03.652683	2013-11-04 21:36:03.652683
408	4	15	4	32700	6	2013-11-04 21:36:03.652683	2013-11-04 21:36:03.652683
409	31	15	5	28000	3	2013-11-04 21:36:03.652683	2013-11-04 21:36:03.652683
410	9	15	6	21100	6	2013-11-04 21:36:03.652683	2013-11-04 21:36:03.652683
411	7	15	7	20800	6	2013-11-04 21:36:03.652683	2013-11-04 21:36:03.652683
412	5	15	8	19600	4	2013-11-04 21:36:03.652683	2013-11-04 21:36:03.652683
413	8	15	9	17800	3	2013-11-04 21:36:03.652683	2013-11-04 21:36:03.652683
414	64	15	10	17100	5	2013-11-04 21:36:03.652683	2013-11-04 21:36:03.652683
415	6	15	11	16850	5	2013-11-04 21:36:03.652683	2013-11-04 21:36:03.652683
416	13	15	12	15700	5	2013-11-04 21:36:03.652683	2013-11-04 21:36:03.652683
417	49	15	13	13800	3	2013-11-04 21:36:03.652683	2013-11-04 21:36:03.652683
418	15	15	14	13300	3	2013-11-04 21:36:03.652683	2013-11-04 21:36:03.652683
419	10	15	15	13000	4	2013-11-04 21:36:03.652683	2013-11-04 21:36:03.652683
420	36	15	16	12100	3	2013-11-04 21:36:03.652683	2013-11-04 21:36:03.652683
421	23	15	17	11800	5	2013-11-04 21:36:03.652683	2013-11-04 21:36:03.652683
422	16	15	18	11400	3	2013-11-04 21:36:03.652683	2013-11-04 21:36:03.652683
423	45	15	19	10600	3	2013-11-04 21:36:03.652683	2013-11-04 21:36:03.652683
424	24	15	20	10200	6	2013-11-04 21:36:03.652683	2013-11-04 21:36:03.652683
425	32	15	21	10100	3	2013-11-04 21:36:03.652683	2013-11-04 21:36:03.652683
426	19	15	22	9950	6	2013-11-04 21:36:03.652683	2013-11-04 21:36:03.652683
427	63	15	23	9400	4	2013-11-04 21:36:03.652683	2013-11-04 21:36:03.652683
428	37	15	24	8800	2	2013-11-04 21:36:03.652683	2013-11-04 21:36:03.652683
429	56	15	25	7800	2	2013-11-04 21:36:03.652683	2013-11-04 21:36:03.652683
430	69	15	26	6900	5	2013-11-04 21:36:03.652683	2013-11-04 21:36:03.652683
431	57	15	27	6600	2	2013-11-04 21:36:03.652683	2013-11-04 21:36:03.652683
432	54	15	28	6600	2	2013-11-04 21:36:03.652683	2013-11-04 21:36:03.652683
433	80	15	29	6000	3	2013-11-04 21:36:03.652683	2013-11-04 21:36:03.652683
434	76	15	30	5750	4	2013-11-04 21:36:03.652683	2013-11-04 21:36:03.652683
435	28	15	31	5700	2	2013-11-04 21:36:03.652683	2013-11-04 21:36:03.652683
436	17	15	32	5600	2	2013-11-04 21:36:03.652683	2013-11-04 21:36:03.652683
437	68	15	33	5600	2	2013-11-04 21:36:03.652683	2013-11-04 21:36:03.652683
438	20	15	34	5100	3	2013-11-04 21:36:03.652683	2013-11-04 21:36:03.652683
439	41	15	35	5100	2	2013-11-04 21:36:03.652683	2013-11-04 21:36:03.652683
440	34	15	36	5000	1	2013-11-04 21:36:03.652683	2013-11-04 21:36:03.652683
441	14	15	37	4950	2	2013-11-04 21:36:03.652683	2013-11-04 21:36:03.652683
442	67	15	38	4450	2	2013-11-04 21:36:03.652683	2013-11-04 21:36:03.652683
443	12	15	39	3800	1	2013-11-04 21:36:03.652683	2013-11-04 21:36:03.652683
444	48	15	40	2800	1	2013-11-04 21:36:03.652683	2013-11-04 21:36:03.652683
445	42	15	41	2300	1	2013-11-04 21:36:03.652683	2013-11-04 21:36:03.652683
446	79	15	42	2050	2	2013-11-04 21:36:03.652683	2013-11-04 21:36:03.652683
447	65	15	43	1900	1	2013-11-04 21:36:03.652683	2013-11-04 21:36:03.652683
448	77	15	44	1150	1	2013-11-04 21:36:03.652683	2013-11-04 21:36:03.652683
449	82	15	45	900	1	2013-11-04 21:36:03.652683	2013-11-04 21:36:03.652683
450	81	15	46	900	1	2013-11-04 21:36:03.652683	2013-11-04 21:36:03.652683
451	33	15	47	900	1	2013-11-04 21:36:03.652683	2013-11-04 21:36:03.652683
452	1	16	1	46000	5	2013-11-04 21:36:03.652683	2013-11-04 21:36:03.652683
453	2	16	2	35800	5	2013-11-04 21:36:03.652683	2013-11-04 21:36:03.652683
454	31	16	3	34400	4	2013-11-04 21:36:03.652683	2013-11-04 21:36:03.652683
455	3	16	4	31500	6	2013-11-04 21:36:03.652683	2013-11-04 21:36:03.652683
456	4	16	5	31300	6	2013-11-04 21:36:03.652683	2013-11-04 21:36:03.652683
457	5	16	6	24600	5	2013-11-04 21:36:03.652683	2013-11-04 21:36:03.652683
458	7	16	7	22000	6	2013-11-04 21:36:03.652683	2013-11-04 21:36:03.652683
459	8	16	8	21600	4	2013-11-04 21:36:03.652683	2013-11-04 21:36:03.652683
460	9	16	9	20200	6	2013-11-04 21:36:03.652683	2013-11-04 21:36:03.652683
461	13	16	10	17600	5	2013-11-04 21:36:03.652683	2013-11-04 21:36:03.652683
462	15	16	11	16400	3	2013-11-04 21:36:03.652683	2013-11-04 21:36:03.652683
463	10	16	12	15800	5	2013-11-04 21:36:03.652683	2013-11-04 21:36:03.652683
464	6	16	13	15650	5	2013-11-04 21:36:03.652683	2013-11-04 21:36:03.652683
465	36	16	14	12100	3	2013-11-04 21:36:03.652683	2013-11-04 21:36:03.652683
466	24	16	15	12100	6	2013-11-04 21:36:03.652683	2013-11-04 21:36:03.652683
467	49	16	16	11600	3	2013-11-04 21:36:03.652683	2013-11-04 21:36:03.652683
468	64	16	17	10700	4	2013-11-04 21:36:03.652683	2013-11-04 21:36:03.652683
469	32	16	18	10100	3	2013-11-04 21:36:03.652683	2013-11-04 21:36:03.652683
470	19	16	19	9950	6	2013-11-04 21:36:03.652683	2013-11-04 21:36:03.652683
471	23	16	20	9150	5	2013-11-04 21:36:03.652683	2013-11-04 21:36:03.652683
472	37	16	21	8800	2	2013-11-04 21:36:03.652683	2013-11-04 21:36:03.652683
473	14	16	22	8750	3	2013-11-04 21:36:03.652683	2013-11-04 21:36:03.652683
474	56	16	23	7800	2	2013-11-04 21:36:03.652683	2013-11-04 21:36:03.652683
475	16	16	24	7600	2	2013-11-04 21:36:03.652683	2013-11-04 21:36:03.652683
476	63	16	25	7500	3	2013-11-04 21:36:03.652683	2013-11-04 21:36:03.652683
477	28	16	26	6850	3	2013-11-04 21:36:03.652683	2013-11-04 21:36:03.652683
478	54	16	27	6600	2	2013-11-04 21:36:03.652683	2013-11-04 21:36:03.652683
479	41	16	28	6100	2	2013-11-04 21:36:03.652683	2013-11-04 21:36:03.652683
480	69	16	29	5750	4	2013-11-04 21:36:03.652683	2013-11-04 21:36:03.652683
481	68	16	30	5600	2	2013-11-04 21:36:03.652683	2013-11-04 21:36:03.652683
482	17	16	31	5600	2	2013-11-04 21:36:03.652683	2013-11-04 21:36:03.652683
483	45	16	32	5600	2	2013-11-04 21:36:03.652683	2013-11-04 21:36:03.652683
484	57	16	33	5600	2	2013-11-04 21:36:03.652683	2013-11-04 21:36:03.652683
485	20	16	34	5100	3	2013-11-04 21:36:03.652683	2013-11-04 21:36:03.652683
486	67	16	35	4450	2	2013-11-04 21:36:03.652683	2013-11-04 21:36:03.652683
487	46	16	36	3800	1	2013-11-04 21:36:03.652683	2013-11-04 21:36:03.652683
488	12	16	37	3800	1	2013-11-04 21:36:03.652683	2013-11-04 21:36:03.652683
489	11	16	38	3800	1	2013-11-04 21:36:03.652683	2013-11-04 21:36:03.652683
490	80	16	39	3200	2	2013-11-04 21:36:03.652683	2013-11-04 21:36:03.652683
491	76	16	40	2950	3	2013-11-04 21:36:03.652683	2013-11-04 21:36:03.652683
492	48	16	41	2800	1	2013-11-04 21:36:03.652683	2013-11-04 21:36:03.652683
493	42	16	42	2300	1	2013-11-04 21:36:03.652683	2013-11-04 21:36:03.652683
494	65	16	43	1900	1	2013-11-04 21:36:03.652683	2013-11-04 21:36:03.652683
495	33	16	44	900	1	2013-11-04 21:36:03.652683	2013-11-04 21:36:03.652683
496	83	16	45	900	1	2013-11-04 21:36:03.652683	2013-11-04 21:36:03.652683
497	82	16	46	900	1	2013-11-04 21:36:03.652683	2013-11-04 21:36:03.652683
498	79	16	47	900	1	2013-11-04 21:36:03.652683	2013-11-04 21:36:03.652683
499	81	16	48	900	1	2013-11-04 21:36:03.652683	2013-11-04 21:36:03.652683
500	1	17	1	48000	5	2013-11-04 21:36:03.652683	2013-11-04 21:36:03.652683
501	2	17	2	43800	6	2013-11-04 21:36:03.652683	2013-11-04 21:36:03.652683
502	3	17	3	32900	6	2013-11-04 21:36:03.652683	2013-11-04 21:36:03.652683
503	4	17	4	32700	6	2013-11-04 21:36:03.652683	2013-11-04 21:36:03.652683
504	31	17	5	24400	3	2013-11-04 21:36:03.652683	2013-11-04 21:36:03.652683
505	5	17	6	23700	5	2013-11-04 21:36:03.652683	2013-11-04 21:36:03.652683
506	9	17	7	23300	6	2013-11-04 21:36:03.652683	2013-11-04 21:36:03.652683
507	7	17	8	22000	6	2013-11-04 21:36:03.652683	2013-11-04 21:36:03.652683
508	10	17	9	19600	6	2013-11-04 21:36:03.652683	2013-11-04 21:36:03.652683
509	6	17	10	19450	6	2013-11-04 21:36:03.652683	2013-11-04 21:36:03.652683
510	8	17	11	17100	4	2013-11-04 21:36:03.652683	2013-11-04 21:36:03.652683
511	13	17	12	16600	5	2013-11-04 21:36:03.652683	2013-11-04 21:36:03.652683
512	14	17	13	11550	4	2013-11-04 21:36:03.652683	2013-11-04 21:36:03.652683
513	24	17	14	10700	6	2013-11-04 21:36:03.652683	2013-11-04 21:36:03.652683
514	36	17	15	10200	2	2013-11-04 21:36:03.652683	2013-11-04 21:36:03.652683
515	15	17	16	10000	2	2013-11-04 21:36:03.652683	2013-11-04 21:36:03.652683
516	32	17	17	9600	3	2013-11-04 21:36:03.652683	2013-11-04 21:36:03.652683
517	23	17	18	9050	5	2013-11-04 21:36:03.652683	2013-11-04 21:36:03.652683
518	12	17	19	8800	2	2013-11-04 21:36:03.652683	2013-11-04 21:36:03.652683
519	11	17	20	8800	2	2013-11-04 21:36:03.652683	2013-11-04 21:36:03.652683
520	64	17	21	8800	3	2013-11-04 21:36:03.652683	2013-11-04 21:36:03.652683
521	19	17	22	8800	6	2013-11-04 21:36:03.652683	2013-11-04 21:36:03.652683
522	56	17	23	7800	2	2013-11-04 21:36:03.652683	2013-11-04 21:36:03.652683
523	20	17	24	7400	4	2013-11-04 21:36:03.652683	2013-11-04 21:36:03.652683
524	28	17	25	6850	3	2013-11-04 21:36:03.652683	2013-11-04 21:36:03.652683
525	17	17	26	6600	2	2013-11-04 21:36:03.652683	2013-11-04 21:36:03.652683
526	49	17	27	6600	2	2013-11-04 21:36:03.652683	2013-11-04 21:36:03.652683
527	42	17	28	6100	2	2013-11-04 21:36:03.652683	2013-11-04 21:36:03.652683
528	16	17	29	5600	2	2013-11-04 21:36:03.652683	2013-11-04 21:36:03.652683
529	68	17	30	5600	2	2013-11-04 21:36:03.652683	2013-11-04 21:36:03.652683
530	69	17	31	5500	4	2013-11-04 21:36:03.652683	2013-11-04 21:36:03.652683
531	67	17	32	5350	3	2013-11-04 21:36:03.652683	2013-11-04 21:36:03.652683
532	37	17	33	5000	1	2013-11-04 21:36:03.652683	2013-11-04 21:36:03.652683
533	63	17	34	4700	2	2013-11-04 21:36:03.652683	2013-11-04 21:36:03.652683
534	41	17	35	3800	1	2013-11-04 21:36:03.652683	2013-11-04 21:36:03.652683
535	22	17	36	3800	1	2013-11-04 21:36:03.652683	2013-11-04 21:36:03.652683
536	45	17	37	3800	1	2013-11-04 21:36:03.652683	2013-11-04 21:36:03.652683
537	21	17	38	3800	1	2013-11-04 21:36:03.652683	2013-11-04 21:36:03.652683
538	46	17	39	3800	1	2013-11-04 21:36:03.652683	2013-11-04 21:36:03.652683
539	55	17	40	2800	1	2013-11-04 21:36:03.652683	2013-11-04 21:36:03.652683
540	50	17	41	2800	1	2013-11-04 21:36:03.652683	2013-11-04 21:36:03.652683
541	29	17	42	2800	1	2013-11-04 21:36:03.652683	2013-11-04 21:36:03.652683
542	57	17	43	2800	1	2013-11-04 21:36:03.652683	2013-11-04 21:36:03.652683
543	48	17	44	2800	1	2013-11-04 21:36:03.652683	2013-11-04 21:36:03.652683
544	54	17	45	2800	1	2013-11-04 21:36:03.652683	2013-11-04 21:36:03.652683
545	33	17	46	2300	1	2013-11-04 21:36:03.652683	2013-11-04 21:36:03.652683
546	61	17	47	2300	1	2013-11-04 21:36:03.652683	2013-11-04 21:36:03.652683
547	25	17	48	2300	1	2013-11-04 21:36:03.652683	2013-11-04 21:36:03.652683
548	76	17	49	2050	2	2013-11-04 21:36:03.652683	2013-11-04 21:36:03.652683
549	65	17	50	1900	1	2013-11-04 21:36:03.652683	2013-11-04 21:36:03.652683
550	66	17	51	1800	1	2013-11-04 21:36:03.652683	2013-11-04 21:36:03.652683
551	82	17	52	900	1	2013-11-04 21:36:03.652683	2013-11-04 21:36:03.652683
552	81	17	53	900	1	2013-11-04 21:36:03.652683	2013-11-04 21:36:03.652683
553	83	17	54	900	1	2013-11-04 21:36:03.652683	2013-11-04 21:36:03.652683
554	80	17	55	900	1	2013-11-04 21:36:03.652683	2013-11-04 21:36:03.652683
555	84	17	56	650	1	2013-11-04 21:36:03.652683	2013-11-04 21:36:03.652683
556	1	18	1	55000	5	2013-11-04 21:36:03.652683	2013-11-04 21:36:03.652683
557	2	18	2	49400	6	2013-11-04 21:36:03.652683	2013-11-04 21:36:03.652683
558	3	18	3	39500	6	2013-11-04 21:36:03.652683	2013-11-04 21:36:03.652683
559	4	18	4	37300	6	2013-11-04 21:36:03.652683	2013-11-04 21:36:03.652683
560	5	18	5	27400	5	2013-11-04 21:36:03.652683	2013-11-04 21:36:03.652683
561	6	18	6	23250	6	2013-11-04 21:36:03.652683	2013-11-04 21:36:03.652683
562	7	18	7	22550	6	2013-11-04 21:36:03.652683	2013-11-04 21:36:03.652683
563	9	18	8	22350	6	2013-11-04 21:36:03.652683	2013-11-04 21:36:03.652683
564	8	18	9	20300	4	2013-11-04 21:36:03.652683	2013-11-04 21:36:03.652683
565	10	18	10	20150	6	2013-11-04 21:36:03.652683	2013-11-04 21:36:03.652683
566	15	18	11	17500	3	2013-11-04 21:36:03.652683	2013-11-04 21:36:03.652683
567	13	18	12	17300	5	2013-11-04 21:36:03.652683	2013-11-04 21:36:03.652683
568	11	18	13	16300	3	2013-11-04 21:36:03.652683	2013-11-04 21:36:03.652683
569	31	18	14	14400	2	2013-11-04 21:36:03.652683	2013-11-04 21:36:03.652683
570	14	18	15	11550	4	2013-11-04 21:36:03.652683	2013-11-04 21:36:03.652683
571	28	18	16	11050	4	2013-11-04 21:36:03.652683	2013-11-04 21:36:03.652683
572	12	18	17	10700	2	2013-11-04 21:36:03.652683	2013-11-04 21:36:03.652683
573	19	18	18	9625	6	2013-11-04 21:36:03.652683	2013-11-04 21:36:03.652683
574	17	18	19	9500	2	2013-11-04 21:36:03.652683	2013-11-04 21:36:03.652683
575	24	18	20	9250	6	2013-11-04 21:36:03.652683	2013-11-04 21:36:03.652683
576	23	18	21	8475	5	2013-11-04 21:36:03.652683	2013-11-04 21:36:03.652683
577	16	18	22	7500	2	2013-11-04 21:36:03.652683	2013-11-04 21:36:03.652683
578	68	18	23	7325	3	2013-11-04 21:36:03.652683	2013-11-04 21:36:03.652683
579	29	18	24	7000	2	2013-11-04 21:36:03.652683	2013-11-04 21:36:03.652683
580	64	18	25	6900	2	2013-11-04 21:36:03.652683	2013-11-04 21:36:03.652683
581	32	18	26	6800	2	2013-11-04 21:36:03.652683	2013-11-04 21:36:03.652683
582	49	18	27	6600	2	2013-11-04 21:36:03.652683	2013-11-04 21:36:03.652683
583	36	18	28	6400	1	2013-11-04 21:36:03.652683	2013-11-04 21:36:03.652683
584	25	18	29	5750	2	2013-11-04 21:36:03.652683	2013-11-04 21:36:03.652683
585	20	18	30	5600	3	2013-11-04 21:36:03.652683	2013-11-04 21:36:03.652683
586	67	18	31	4700	2	2013-11-04 21:36:03.652683	2013-11-04 21:36:03.652683
587	69	18	32	4600	3	2013-11-04 21:36:03.652683	2013-11-04 21:36:03.652683
588	38	18	33	4200	1	2013-11-04 21:36:03.652683	2013-11-04 21:36:03.652683
589	39	18	34	4200	1	2013-11-04 21:36:03.652683	2013-11-04 21:36:03.652683
590	21	18	35	3800	1	2013-11-04 21:36:03.652683	2013-11-04 21:36:03.652683
591	46	18	36	3800	1	2013-11-04 21:36:03.652683	2013-11-04 21:36:03.652683
592	22	18	37	3800	1	2013-11-04 21:36:03.652683	2013-11-04 21:36:03.652683
593	41	18	38	3800	1	2013-11-04 21:36:03.652683	2013-11-04 21:36:03.652683
594	63	18	39	3800	1	2013-11-04 21:36:03.652683	2013-11-04 21:36:03.652683
595	42	18	40	3800	1	2013-11-04 21:36:03.652683	2013-11-04 21:36:03.652683
596	48	18	41	2800	1	2013-11-04 21:36:03.652683	2013-11-04 21:36:03.652683
597	57	18	42	2800	1	2013-11-04 21:36:03.652683	2013-11-04 21:36:03.652683
598	56	18	43	2800	1	2013-11-04 21:36:03.652683	2013-11-04 21:36:03.652683
599	55	18	44	2800	1	2013-11-04 21:36:03.652683	2013-11-04 21:36:03.652683
600	50	18	45	2800	1	2013-11-04 21:36:03.652683	2013-11-04 21:36:03.652683
601	27	18	46	2700	1	2013-11-04 21:36:03.652683	2013-11-04 21:36:03.652683
602	33	18	47	2300	1	2013-11-04 21:36:03.652683	2013-11-04 21:36:03.652683
603	61	18	48	2300	1	2013-11-04 21:36:03.652683	2013-11-04 21:36:03.652683
604	65	18	49	1900	1	2013-11-04 21:36:03.652683	2013-11-04 21:36:03.652683
605	66	18	50	1800	1	2013-11-04 21:36:03.652683	2013-11-04 21:36:03.652683
606	70	18	51	1350	1	2013-11-04 21:36:03.652683	2013-11-04 21:36:03.652683
607	76	18	52	1150	1	2013-11-04 21:36:03.652683	2013-11-04 21:36:03.652683
608	83	18	53	900	1	2013-11-04 21:36:03.652683	2013-11-04 21:36:03.652683
609	81	18	54	900	1	2013-11-04 21:36:03.652683	2013-11-04 21:36:03.652683
610	84	18	55	650	1	2013-11-04 21:36:03.652683	2013-11-04 21:36:03.652683
611	1	19	1	55000	5	2013-11-04 21:36:03.652683	2013-11-04 21:36:03.652683
612	2	19	2	51000	6	2013-11-04 21:36:03.652683	2013-11-04 21:36:03.652683
613	3	19	3	39500	6	2013-11-04 21:36:03.652683	2013-11-04 21:36:03.652683
614	4	19	4	35400	5	2013-11-04 21:36:03.652683	2013-11-04 21:36:03.652683
615	5	19	5	29300	6	2013-11-04 21:36:03.652683	2013-11-04 21:36:03.652683
616	7	19	6	21650	6	2013-11-04 21:36:03.652683	2013-11-04 21:36:03.652683
617	6	19	7	21350	6	2013-11-04 21:36:03.652683	2013-11-04 21:36:03.652683
618	9	19	8	20450	6	2013-11-04 21:36:03.652683	2013-11-04 21:36:03.652683
619	10	19	9	18250	6	2013-11-04 21:36:03.652683	2013-11-04 21:36:03.652683
620	11	19	10	16300	3	2013-11-04 21:36:03.652683	2013-11-04 21:36:03.652683
621	12	19	11	15700	3	2013-11-04 21:36:03.652683	2013-11-04 21:36:03.652683
622	8	19	12	15300	3	2013-11-04 21:36:03.652683	2013-11-04 21:36:03.652683
623	15	19	13	12500	2	2013-11-04 21:36:03.652683	2013-11-04 21:36:03.652683
624	17	19	14	12300	3	2013-11-04 21:36:03.652683	2013-11-04 21:36:03.652683
625	13	19	15	12300	4	2013-11-04 21:36:03.652683	2013-11-04 21:36:03.652683
626	36	19	16	11400	2	2013-11-04 21:36:03.652683	2013-11-04 21:36:03.652683
627	28	19	17	11050	4	2013-11-04 21:36:03.652683	2013-11-04 21:36:03.652683
628	32	19	18	10600	3	2013-11-04 21:36:03.652683	2013-11-04 21:36:03.652683
629	14	19	19	10550	4	2013-11-04 21:36:03.652683	2013-11-04 21:36:03.652683
630	19	19	20	10525	6	2013-11-04 21:36:03.652683	2013-11-04 21:36:03.652683
631	21	19	21	10200	2	2013-11-04 21:36:03.652683	2013-11-04 21:36:03.652683
632	24	19	22	9250	6	2013-11-04 21:36:03.652683	2013-11-04 21:36:03.652683
633	22	19	23	8800	2	2013-11-04 21:36:03.652683	2013-11-04 21:36:03.652683
634	16	19	24	8650	3	2013-11-04 21:36:03.652683	2013-11-04 21:36:03.652683
635	23	19	25	7725	5	2013-11-04 21:36:03.652683	2013-11-04 21:36:03.652683
636	29	19	26	7000	2	2013-11-04 21:36:03.652683	2013-11-04 21:36:03.652683
637	25	19	27	6650	3	2013-11-04 21:36:03.652683	2013-11-04 21:36:03.652683
638	20	19	28	6500	3	2013-11-04 21:36:03.652683	2013-11-04 21:36:03.652683
639	31	19	29	6400	1	2013-11-04 21:36:03.652683	2013-11-04 21:36:03.652683
640	67	19	30	5600	3	2013-11-04 21:36:03.652683	2013-11-04 21:36:03.652683
641	68	19	31	5525	2	2013-11-04 21:36:03.652683	2013-11-04 21:36:03.652683
642	33	19	32	5100	2	2013-11-04 21:36:03.652683	2013-11-04 21:36:03.652683
643	35	19	33	5000	1	2013-11-04 21:36:03.652683	2013-11-04 21:36:03.652683
644	39	19	34	4200	1	2013-11-04 21:36:03.652683	2013-11-04 21:36:03.652683
645	38	19	35	4200	1	2013-11-04 21:36:03.652683	2013-11-04 21:36:03.652683
646	44	19	36	3800	1	2013-11-04 21:36:03.652683	2013-11-04 21:36:03.652683
647	42	19	37	3800	1	2013-11-04 21:36:03.652683	2013-11-04 21:36:03.652683
648	41	19	38	3800	1	2013-11-04 21:36:03.652683	2013-11-04 21:36:03.652683
649	46	19	39	3800	1	2013-11-04 21:36:03.652683	2013-11-04 21:36:03.652683
650	26	19	40	3800	1	2013-11-04 21:36:03.652683	2013-11-04 21:36:03.652683
651	27	19	41	3600	2	2013-11-04 21:36:03.652683	2013-11-04 21:36:03.652683
652	50	19	42	2800	1	2013-11-04 21:36:03.652683	2013-11-04 21:36:03.652683
653	51	19	43	2800	1	2013-11-04 21:36:03.652683	2013-11-04 21:36:03.652683
654	55	19	44	2800	1	2013-11-04 21:36:03.652683	2013-11-04 21:36:03.652683
655	48	19	45	2800	1	2013-11-04 21:36:03.652683	2013-11-04 21:36:03.652683
656	49	19	46	2800	1	2013-11-04 21:36:03.652683	2013-11-04 21:36:03.652683
657	56	19	47	2800	1	2013-11-04 21:36:03.652683	2013-11-04 21:36:03.652683
658	57	19	48	2800	1	2013-11-04 21:36:03.652683	2013-11-04 21:36:03.652683
659	69	19	49	2700	3	2013-11-04 21:36:03.652683	2013-11-04 21:36:03.652683
660	61	19	50	2300	1	2013-11-04 21:36:03.652683	2013-11-04 21:36:03.652683
661	65	19	51	1900	1	2013-11-04 21:36:03.652683	2013-11-04 21:36:03.652683
662	64	19	52	1900	1	2013-11-04 21:36:03.652683	2013-11-04 21:36:03.652683
663	66	19	53	1800	1	2013-11-04 21:36:03.652683	2013-11-04 21:36:03.652683
664	70	19	54	1350	1	2013-11-04 21:36:03.652683	2013-11-04 21:36:03.652683
665	83	19	55	900	1	2013-11-04 21:36:03.652683	2013-11-04 21:36:03.652683
666	81	19	56	900	1	2013-11-04 21:36:03.652683	2013-11-04 21:36:03.652683
667	84	19	57	650	1	2013-11-04 21:36:03.652683	2013-11-04 21:36:03.652683
668	1	20	1	55000	5	2013-11-04 21:36:03.652683	2013-11-04 21:36:03.652683
669	2	20	2	54000	6	2013-11-04 21:36:03.652683	2013-11-04 21:36:03.652683
670	3	20	3	39500	6	2013-11-04 21:36:03.652683	2013-11-04 21:36:03.652683
671	4	20	4	33800	5	2013-11-04 21:36:03.652683	2013-11-04 21:36:03.652683
672	5	20	5	29300	6	2013-11-04 21:36:03.652683	2013-11-04 21:36:03.652683
673	6	20	6	22100	6	2013-11-04 21:36:03.652683	2013-11-04 21:36:03.652683
674	7	20	7	21650	6	2013-11-04 21:36:03.652683	2013-11-04 21:36:03.652683
675	8	20	8	20300	4	2013-11-04 21:36:03.652683	2013-11-04 21:36:03.652683
676	9	20	9	18550	6	2013-11-04 21:36:03.652683	2013-11-04 21:36:03.652683
677	10	20	10	17050	6	2013-11-04 21:36:03.652683	2013-11-04 21:36:03.652683
678	11	20	11	16300	3	2013-11-04 21:36:03.652683	2013-11-04 21:36:03.652683
679	12	20	12	15700	3	2013-11-04 21:36:03.652683	2013-11-04 21:36:03.652683
680	13	20	13	15400	4	2013-11-04 21:36:03.652683	2013-11-04 21:36:03.652683
681	14	20	14	14400	4	2013-11-04 21:36:03.652683	2013-11-04 21:36:03.652683
682	15	20	15	12500	2	2013-11-04 21:36:03.652683	2013-11-04 21:36:03.652683
683	16	20	16	12450	4	2013-11-04 21:36:03.652683	2013-11-04 21:36:03.652683
684	17	20	17	12300	3	2013-11-04 21:36:03.652683	2013-11-04 21:36:03.652683
685	19	20	18	10525	6	2013-11-04 21:36:03.652683	2013-11-04 21:36:03.652683
686	20	20	19	10300	4	2013-11-04 21:36:03.652683	2013-11-04 21:36:03.652683
687	21	20	20	10200	2	2013-11-04 21:36:03.652683	2013-11-04 21:36:03.652683
688	22	20	21	8800	2	2013-11-04 21:36:03.652683	2013-11-04 21:36:03.652683
689	23	20	22	8625	5	2013-11-04 21:36:03.652683	2013-11-04 21:36:03.652683
690	24	20	23	7850	5	2013-11-04 21:36:03.652683	2013-11-04 21:36:03.652683
691	25	20	24	7800	4	2013-11-04 21:36:03.652683	2013-11-04 21:36:03.652683
692	26	20	25	7600	2	2013-11-04 21:36:03.652683	2013-11-04 21:36:03.652683
693	27	20	26	7400	3	2013-11-04 21:36:03.652683	2013-11-04 21:36:03.652683
694	28	20	27	7250	3	2013-11-04 21:36:03.652683	2013-11-04 21:36:03.652683
695	29	20	28	7000	2	2013-11-04 21:36:03.652683	2013-11-04 21:36:03.652683
696	31	20	29	6400	1	2013-11-04 21:36:03.652683	2013-11-04 21:36:03.652683
697	32	20	30	5600	2	2013-11-04 21:36:03.652683	2013-11-04 21:36:03.652683
698	33	20	31	5100	2	2013-11-04 21:36:03.652683	2013-11-04 21:36:03.652683
699	35	20	32	5000	1	2013-11-04 21:36:03.652683	2013-11-04 21:36:03.652683
700	36	20	33	5000	1	2013-11-04 21:36:03.652683	2013-11-04 21:36:03.652683
701	38	20	34	4200	1	2013-11-04 21:36:03.652683	2013-11-04 21:36:03.652683
702	39	20	35	4200	1	2013-11-04 21:36:03.652683	2013-11-04 21:36:03.652683
703	46	20	36	3800	1	2013-11-04 21:36:03.652683	2013-11-04 21:36:03.652683
704	41	20	37	3800	1	2013-11-04 21:36:03.652683	2013-11-04 21:36:03.652683
705	44	20	38	3800	1	2013-11-04 21:36:03.652683	2013-11-04 21:36:03.652683
706	42	20	39	3800	1	2013-11-04 21:36:03.652683	2013-11-04 21:36:03.652683
707	48	20	40	2800	1	2013-11-04 21:36:03.652683	2013-11-04 21:36:03.652683
708	49	20	41	2800	1	2013-11-04 21:36:03.652683	2013-11-04 21:36:03.652683
709	57	20	42	2800	1	2013-11-04 21:36:03.652683	2013-11-04 21:36:03.652683
710	53	20	43	2800	1	2013-11-04 21:36:03.652683	2013-11-04 21:36:03.652683
711	55	20	44	2800	1	2013-11-04 21:36:03.652683	2013-11-04 21:36:03.652683
712	50	20	45	2800	1	2013-11-04 21:36:03.652683	2013-11-04 21:36:03.652683
713	51	20	46	2800	1	2013-11-04 21:36:03.652683	2013-11-04 21:36:03.652683
714	61	20	47	2300	1	2013-11-04 21:36:03.652683	2013-11-04 21:36:03.652683
715	63	20	48	2300	1	2013-11-04 21:36:03.652683	2013-11-04 21:36:03.652683
716	65	20	49	1900	1	2013-11-04 21:36:03.652683	2013-11-04 21:36:03.652683
717	67	20	50	1800	2	2013-11-04 21:36:03.652683	2013-11-04 21:36:03.652683
718	66	20	51	1800	1	2013-11-04 21:36:03.652683	2013-11-04 21:36:03.652683
719	68	20	52	1725	1	2013-11-04 21:36:03.652683	2013-11-04 21:36:03.652683
720	69	20	53	1550	2	2013-11-04 21:36:03.652683	2013-11-04 21:36:03.652683
721	70	20	54	1350	1	2013-11-04 21:36:03.652683	2013-11-04 21:36:03.652683
722	72	20	55	1150	1	2013-11-04 21:36:03.652683	2013-11-04 21:36:03.652683
723	74	20	56	1150	1	2013-11-04 21:36:03.652683	2013-11-04 21:36:03.652683
724	78	20	57	900	1	2013-11-04 21:36:03.652683	2013-11-04 21:36:03.652683
725	83	20	58	900	1	2013-11-04 21:36:03.652683	2013-11-04 21:36:03.652683
726	81	20	59	900	1	2013-11-04 21:36:03.652683	2013-11-04 21:36:03.652683
727	84	20	60	650	1	2013-11-04 21:36:03.652683	2013-11-04 21:36:03.652683
729	1	21	1	65000	6	2013-11-05 12:53:40.303637	2013-11-05 12:53:40.303637
730	13	22	1	41400	5	2013-11-09 14:03:39.714313	2013-11-09 14:03:39.714313
731	1	22	2	30000	3	2013-11-09 14:03:39.722379	2013-11-09 14:03:39.722379
732	23	22	3	28350	6	2013-11-09 14:03:39.727553	2013-11-09 14:03:39.727553
733	2	22	4	24000	3	2013-11-09 14:03:39.732761	2013-11-09 14:03:39.732761
734	16	22	5	23150	5	2013-11-09 14:03:39.738286	2013-11-09 14:03:39.738286
735	3	22	6	23000	4	2013-11-09 14:03:39.744086	2013-11-09 14:03:39.744086
736	24	22	7	18700	4	2013-11-09 14:03:39.749537	2013-11-09 14:03:39.749537
737	8	22	8	16800	3	2013-11-09 14:03:39.756633	2013-11-09 14:03:39.756633
738	33	22	9	14200	3	2013-11-09 14:03:39.762124	2013-11-09 14:03:39.762124
739	4	22	10	11400	2	2013-11-09 14:03:39.768518	2013-11-09 14:03:39.768518
740	21	22	11	11400	2	2013-11-09 14:03:39.778023	2013-11-09 14:03:39.778023
741	5	22	12	10700	3	2013-11-09 14:03:39.786188	2013-11-09 14:03:39.786188
742	14	22	13	10600	3	2013-11-09 14:03:39.791817	2013-11-09 14:03:39.791817
743	12	22	14	10000	2	2013-11-09 14:03:39.797263	2013-11-09 14:03:39.797263
744	20	22	15	9900	3	2013-11-09 14:03:39.806493	2013-11-09 14:03:39.806493
745	19	22	16	8900	3	2013-11-09 14:03:39.812243	2013-11-09 14:03:39.812243
746	10	22	17	8500	3	2013-11-09 14:03:39.820634	2013-11-09 14:03:39.820634
747	26	22	18	7600	2	2013-11-09 14:03:39.825958	2013-11-09 14:03:39.825958
748	6	22	19	6600	3	2013-11-09 14:03:39.831244	2013-11-09 14:03:39.831244
749	17	22	20	6600	2	2013-11-09 14:03:39.845612	2013-11-09 14:03:39.845612
750	15	22	21	6400	1	2013-11-09 14:03:39.851915	2013-11-09 14:03:39.851915
751	25	22	22	5850	3	2013-11-09 14:03:39.857673	2013-11-09 14:03:39.857673
752	22	22	23	5000	1	2013-11-09 14:03:39.867259	2013-11-09 14:03:39.867259
753	41	22	24	5000	1	2013-11-09 14:03:39.875616	2013-11-09 14:03:39.875616
754	35	22	25	5000	1	2013-11-09 14:03:39.890088	2013-11-09 14:03:39.890088
755	36	22	26	5000	1	2013-11-09 14:03:39.907864	2013-11-09 14:03:39.907864
756	9	22	27	4950	3	2013-11-09 14:03:39.913542	2013-11-09 14:03:39.913542
757	7	22	28	4950	3	2013-11-09 14:03:39.918528	2013-11-09 14:03:39.918528
758	27	22	29	4700	2	2013-11-09 14:03:39.928919	2013-11-09 14:03:39.928919
759	32	22	30	3800	1	2013-11-09 14:03:39.940031	2013-11-09 14:03:39.940031
760	44	22	31	3800	1	2013-11-09 14:03:39.948137	2013-11-09 14:03:39.948137
761	53	22	32	2800	1	2013-11-09 14:03:39.963996	2013-11-09 14:03:39.963996
762	11	22	33	2800	1	2013-11-09 14:03:39.973917	2013-11-09 14:03:39.973917
763	48	22	34	2800	1	2013-11-09 14:03:39.980705	2013-11-09 14:03:39.980705
764	51	22	35	2800	1	2013-11-09 14:03:39.994917	2013-11-09 14:03:39.994917
765	63	22	36	2300	1	2013-11-09 14:03:40.001798	2013-11-09 14:03:40.001798
766	72	22	37	1150	1	2013-11-09 14:03:40.012935	2013-11-09 14:03:40.012935
767	74	22	38	1150	1	2013-11-09 14:03:40.02901	2013-11-09 14:03:40.02901
768	78	22	39	900	1	2013-11-09 14:03:40.036812	2013-11-09 14:03:40.036812
769	69	22	40	900	1	2013-11-09 14:03:40.051278	2013-11-09 14:03:40.051278
770	67	22	41	900	1	2013-11-09 14:03:40.068362	2013-11-09 14:03:40.068362
771	30	22	42	0	0	2013-11-09 14:03:40.122131	2013-11-09 14:03:40.122131
772	38	22	43	0	0	2013-11-09 14:03:40.134506	2013-11-09 14:03:40.134506
773	83	22	44	0	0	2013-11-09 14:03:40.150494	2013-11-09 14:03:40.150494
774	54	22	45	0	0	2013-11-09 14:03:40.162138	2013-11-09 14:03:40.162138
775	28	22	46	0	0	2013-11-09 14:03:40.171513	2013-11-09 14:03:40.171513
776	56	22	47	0	0	2013-11-09 14:03:40.192338	2013-11-09 14:03:40.192338
777	58	22	48	0	0	2013-11-09 14:03:40.201693	2013-11-09 14:03:40.201693
778	49	22	49	0	0	2013-11-09 14:03:40.217127	2013-11-09 14:03:40.217127
779	59	22	50	0	0	2013-11-09 14:03:40.22923	2013-11-09 14:03:40.22923
780	60	22	51	0	0	2013-11-09 14:03:40.283687	2013-11-09 14:03:40.283687
781	62	22	52	0	0	2013-11-09 14:03:40.29187	2013-11-09 14:03:40.29187
782	64	22	53	0	0	2013-11-09 14:03:40.305304	2013-11-09 14:03:40.305304
783	65	22	54	0	0	2013-11-09 14:03:40.31927	2013-11-09 14:03:40.31927
784	71	22	55	0	0	2013-11-09 14:03:40.329439	2013-11-09 14:03:40.329439
785	68	22	56	0	0	2013-11-09 14:03:40.338231	2013-11-09 14:03:40.338231
786	70	22	57	0	0	2013-11-09 14:03:40.345026	2013-11-09 14:03:40.345026
787	75	22	58	0	0	2013-11-09 14:03:40.366233	2013-11-09 14:03:40.366233
788	61	22	59	0	0	2013-11-09 14:03:40.382579	2013-11-09 14:03:40.382579
789	73	22	60	0	0	2013-11-09 14:03:40.394306	2013-11-09 14:03:40.394306
790	86	22	61	0	0	2013-11-09 14:03:40.406315	2013-11-09 14:03:40.406315
791	46	22	62	0	0	2013-11-09 14:03:40.423442	2013-11-09 14:03:40.423442
792	87	22	63	0	0	2013-11-09 14:03:40.431672	2013-11-09 14:03:40.431672
793	77	22	64	0	0	2013-11-09 14:03:40.450209	2013-11-09 14:03:40.450209
794	79	22	65	0	0	2013-11-09 14:03:40.460246	2013-11-09 14:03:40.460246
795	66	22	66	0	0	2013-11-09 14:03:40.476044	2013-11-09 14:03:40.476044
796	80	22	67	0	0	2013-11-09 14:03:40.486477	2013-11-09 14:03:40.486477
797	82	22	68	0	0	2013-11-09 14:03:40.493282	2013-11-09 14:03:40.493282
798	84	22	69	0	0	2013-11-09 14:03:40.508715	2013-11-09 14:03:40.508715
799	55	22	70	0	0	2013-11-09 14:03:40.51894	2013-11-09 14:03:40.51894
800	81	22	71	0	0	2013-11-09 14:03:40.529354	2013-11-09 14:03:40.529354
801	88	22	72	0	0	2013-11-09 14:03:40.545485	2013-11-09 14:03:40.545485
802	39	22	73	0	0	2013-11-09 14:03:40.554402	2013-11-09 14:03:40.554402
803	85	22	74	0	0	2013-11-09 14:03:40.574564	2013-11-09 14:03:40.574564
804	29	22	75	0	0	2013-11-09 14:03:40.585409	2013-11-09 14:03:40.585409
805	34	22	76	0	0	2013-11-09 14:03:40.601949	2013-11-09 14:03:40.601949
806	18	22	77	0	0	2013-11-09 14:03:40.6112	2013-11-09 14:03:40.6112
807	37	22	78	0	0	2013-11-09 14:03:40.688081	2013-11-09 14:03:40.688081
808	57	22	79	0	0	2013-11-09 14:03:40.698247	2013-11-09 14:03:40.698247
809	31	22	80	0	0	2013-11-09 14:03:40.712546	2013-11-09 14:03:40.712546
810	40	22	81	0	0	2013-11-09 14:03:40.71967	2013-11-09 14:03:40.71967
811	50	22	82	0	0	2013-11-09 14:03:40.729316	2013-11-09 14:03:40.729316
812	43	22	83	0	0	2013-11-09 14:03:40.740898	2013-11-09 14:03:40.740898
813	76	22	84	0	0	2013-11-09 14:03:40.752178	2013-11-09 14:03:40.752178
814	45	22	85	0	0	2013-11-09 14:03:40.763524	2013-11-09 14:03:40.763524
815	42	22	86	0	0	2013-11-09 14:03:40.775771	2013-11-09 14:03:40.775771
816	47	22	87	0	0	2013-11-09 14:03:40.786865	2013-11-09 14:03:40.786865
817	52	22	88	0	0	2013-11-09 14:03:40.800994	2013-11-09 14:03:40.800994
818	13	25	1	41400	5	2013-11-09 14:07:09.983111	2013-11-09 14:07:09.983111
819	23	25	2	27200	5	2013-11-09 14:07:09.993107	2013-11-09 14:07:09.993107
820	24	25	3	24200	4	2013-11-09 14:07:09.999151	2013-11-09 14:07:09.999151
821	16	25	4	22000	4	2013-11-09 14:07:10.006081	2013-11-09 14:07:10.006081
822	1	25	5	20000	2	2013-11-09 14:07:10.013389	2013-11-09 14:07:10.013389
823	8	25	6	16800	3	2013-11-09 14:07:10.023446	2013-11-09 14:07:10.023446
824	3	25	7	16600	3	2013-11-09 14:07:10.029478	2013-11-09 14:07:10.029478
825	4	25	8	16400	3	2013-11-09 14:07:10.037385	2013-11-09 14:07:10.037385
826	2	25	9	16000	2	2013-11-09 14:07:10.043749	2013-11-09 14:07:10.043749
827	25	25	10	12950	3	2013-11-09 14:07:10.051498	2013-11-09 14:07:10.051498
828	33	25	11	11400	2	2013-11-09 14:07:10.058063	2013-11-09 14:07:10.058063
829	51	25	12	10000	1	2013-11-09 14:07:10.063438	2013-11-09 14:07:10.063438
830	5	25	13	8800	2	2013-11-09 14:07:10.069561	2013-11-09 14:07:10.069561
831	14	25	14	7800	2	2013-11-09 14:07:10.075971	2013-11-09 14:07:10.075971
832	20	25	15	7600	2	2013-11-09 14:07:10.084045	2013-11-09 14:07:10.084045
833	10	25	16	6600	2	2013-11-09 14:07:10.090144	2013-11-09 14:07:10.090144
834	19	25	17	6600	2	2013-11-09 14:07:10.096036	2013-11-09 14:07:10.096036
835	15	25	18	6400	1	2013-11-09 14:07:10.101459	2013-11-09 14:07:10.101459
836	35	25	19	6400	1	2013-11-09 14:07:10.107012	2013-11-09 14:07:10.107012
837	41	25	20	5000	1	2013-11-09 14:07:10.113751	2013-11-09 14:07:10.113751
838	12	25	21	5000	1	2013-11-09 14:07:10.120107	2013-11-09 14:07:10.120107
839	21	25	22	5000	1	2013-11-09 14:07:10.12777	2013-11-09 14:07:10.12777
840	6	25	23	4700	2	2013-11-09 14:07:10.133792	2013-11-09 14:07:10.133792
841	27	25	24	3800	1	2013-11-09 14:07:10.13989	2013-11-09 14:07:10.13989
842	17	25	25	3800	1	2013-11-09 14:07:10.146307	2013-11-09 14:07:10.146307
843	26	25	26	3800	1	2013-11-09 14:07:10.152383	2013-11-09 14:07:10.152383
844	7	25	27	3050	2	2013-11-09 14:07:10.15897	2013-11-09 14:07:10.15897
845	9	25	28	3050	2	2013-11-09 14:07:10.164874	2013-11-09 14:07:10.164874
846	48	25	29	2800	1	2013-11-09 14:07:10.170461	2013-11-09 14:07:10.170461
847	53	25	30	2800	1	2013-11-09 14:07:10.177617	2013-11-09 14:07:10.177617
848	11	25	31	2800	1	2013-11-09 14:07:10.183116	2013-11-09 14:07:10.183116
849	63	25	32	2300	1	2013-11-09 14:07:10.188141	2013-11-09 14:07:10.188141
850	72	25	33	1150	1	2013-11-09 14:07:10.192602	2013-11-09 14:07:10.192602
851	74	25	34	1150	1	2013-11-09 14:07:10.197146	2013-11-09 14:07:10.197146
852	78	25	35	900	1	2013-11-09 14:07:10.201615	2013-11-09 14:07:10.201615
853	71	25	36	0	0	2013-11-09 14:07:10.208086	2013-11-09 14:07:10.208086
854	68	25	37	0	0	2013-11-09 14:07:10.212804	2013-11-09 14:07:10.212804
855	70	25	38	0	0	2013-11-09 14:07:10.217402	2013-11-09 14:07:10.217402
856	75	25	39	0	0	2013-11-09 14:07:10.222081	2013-11-09 14:07:10.222081
857	61	25	40	0	0	2013-11-09 14:07:10.226953	2013-11-09 14:07:10.226953
858	86	25	41	0	0	2013-11-09 14:07:10.2316	2013-11-09 14:07:10.2316
859	46	25	42	0	0	2013-11-09 14:07:10.237971	2013-11-09 14:07:10.237971
860	77	25	43	0	0	2013-11-09 14:07:10.242554	2013-11-09 14:07:10.242554
861	79	25	44	0	0	2013-11-09 14:07:10.247969	2013-11-09 14:07:10.247969
862	66	25	45	0	0	2013-11-09 14:07:10.252707	2013-11-09 14:07:10.252707
863	80	25	46	0	0	2013-11-09 14:07:10.299841	2013-11-09 14:07:10.299841
864	82	25	47	0	0	2013-11-09 14:07:10.306277	2013-11-09 14:07:10.306277
865	84	25	48	0	0	2013-11-09 14:07:10.311937	2013-11-09 14:07:10.311937
866	55	25	49	0	0	2013-11-09 14:07:10.317027	2013-11-09 14:07:10.317027
867	29	25	50	0	0	2013-11-09 14:07:10.322029	2013-11-09 14:07:10.322029
868	88	25	51	0	0	2013-11-09 14:07:10.326474	2013-11-09 14:07:10.326474
869	39	25	52	0	0	2013-11-09 14:07:10.332782	2013-11-09 14:07:10.332782
870	37	25	53	0	0	2013-11-09 14:07:10.337332	2013-11-09 14:07:10.337332
871	45	25	54	0	0	2013-11-09 14:07:10.341797	2013-11-09 14:07:10.341797
872	44	25	55	0	0	2013-11-09 14:07:10.390719	2013-11-09 14:07:10.390719
873	87	25	56	0	0	2013-11-09 14:07:10.397281	2013-11-09 14:07:10.397281
874	73	25	57	0	0	2013-11-09 14:07:10.402033	2013-11-09 14:07:10.402033
875	32	25	58	0	0	2013-11-09 14:07:10.408909	2013-11-09 14:07:10.408909
876	54	25	59	0	0	2013-11-09 14:07:10.413994	2013-11-09 14:07:10.413994
877	69	25	60	0	0	2013-11-09 14:07:10.419324	2013-11-09 14:07:10.419324
878	22	25	61	0	0	2013-11-09 14:07:10.426705	2013-11-09 14:07:10.426705
879	38	25	62	0	0	2013-11-09 14:07:10.432192	2013-11-09 14:07:10.432192
880	47	25	63	0	0	2013-11-09 14:07:10.437394	2013-11-09 14:07:10.437394
881	43	25	64	0	0	2013-11-09 14:07:10.441785	2013-11-09 14:07:10.441785
882	31	25	65	0	0	2013-11-09 14:07:10.447745	2013-11-09 14:07:10.447745
883	34	25	66	0	0	2013-11-09 14:07:10.452259	2013-11-09 14:07:10.452259
884	85	25	67	0	0	2013-11-09 14:07:10.456916	2013-11-09 14:07:10.456916
885	81	25	68	0	0	2013-11-09 14:07:10.461881	2013-11-09 14:07:10.461881
886	18	25	69	0	0	2013-11-09 14:07:10.466326	2013-11-09 14:07:10.466326
887	36	25	70	0	0	2013-11-09 14:07:10.471226	2013-11-09 14:07:10.471226
888	30	25	71	0	0	2013-11-09 14:07:10.47559	2013-11-09 14:07:10.47559
889	57	25	72	0	0	2013-11-09 14:07:10.482629	2013-11-09 14:07:10.482629
890	67	25	73	0	0	2013-11-09 14:07:10.487653	2013-11-09 14:07:10.487653
891	40	25	74	0	0	2013-11-09 14:07:10.492481	2013-11-09 14:07:10.492481
892	50	25	75	0	0	2013-11-09 14:07:10.496875	2013-11-09 14:07:10.496875
893	76	25	76	0	0	2013-11-09 14:07:10.502276	2013-11-09 14:07:10.502276
894	42	25	77	0	0	2013-11-09 14:07:10.506541	2013-11-09 14:07:10.506541
895	52	25	78	0	0	2013-11-09 14:07:10.539168	2013-11-09 14:07:10.539168
896	83	25	79	0	0	2013-11-09 14:07:10.544533	2013-11-09 14:07:10.544533
897	28	25	80	0	0	2013-11-09 14:07:10.551404	2013-11-09 14:07:10.551404
898	56	25	81	0	0	2013-11-09 14:07:10.556264	2013-11-09 14:07:10.556264
899	58	25	82	0	0	2013-11-09 14:07:10.561064	2013-11-09 14:07:10.561064
900	49	25	83	0	0	2013-11-09 14:07:10.565749	2013-11-09 14:07:10.565749
901	59	25	84	0	0	2013-11-09 14:07:10.571086	2013-11-09 14:07:10.571086
902	60	25	85	0	0	2013-11-09 14:07:10.575771	2013-11-09 14:07:10.575771
903	62	25	86	0	0	2013-11-09 14:07:10.581448	2013-11-09 14:07:10.581448
904	64	25	87	0	0	2013-11-09 14:07:10.588187	2013-11-09 14:07:10.588187
905	65	25	88	0	0	2013-11-09 14:07:10.593203	2013-11-09 14:07:10.593203
906	13	25	1	36400	4	2013-11-09 22:39:14.79596	2013-11-09 22:39:14.79596
907	23	25	2	24400	4	2013-11-09 22:39:14.805053	2013-11-09 22:39:14.805053
908	24	25	3	24200	4	2013-11-09 22:39:14.812328	2013-11-09 22:39:14.812328
909	16	25	4	18200	3	2013-11-09 22:39:14.818051	2013-11-09 22:39:14.818051
910	33	25	5	17800	3	2013-11-09 22:39:14.824911	2013-11-09 22:39:14.824911
911	8	25	6	11800	2	2013-11-09 22:39:14.831041	2013-11-09 22:39:14.831041
912	25	25	7	11800	2	2013-11-09 22:39:14.837747	2013-11-09 22:39:14.837747
913	9	25	8	11150	2	2013-11-09 22:39:14.844823	2013-11-09 22:39:14.844823
914	3	25	9	10200	2	2013-11-09 22:39:14.85054	2013-11-09 22:39:14.85054
915	5	25	10	10200	2	2013-11-09 22:39:14.861467	2013-11-09 22:39:14.861467
916	1	25	11	10000	1	2013-11-09 22:39:14.868371	2013-11-09 22:39:14.868371
917	4	25	12	10000	2	2013-11-09 22:39:14.877128	2013-11-09 22:39:14.877128
918	51	25	13	10000	1	2013-11-09 22:39:14.88255	2013-11-09 22:39:14.88255
919	2	25	14	8000	1	2013-11-09 22:39:14.893722	2013-11-09 22:39:14.893722
920	78	25	15	8000	1	2013-11-09 22:39:14.9005	2013-11-09 22:39:14.9005
921	35	25	16	6400	1	2013-11-09 22:39:14.906728	2013-11-09 22:39:14.906728
922	15	25	17	6400	1	2013-11-09 22:39:14.912929	2013-11-09 22:39:14.912929
923	41	25	18	5000	1	2013-11-09 22:39:14.926401	2013-11-09 22:39:14.926401
924	12	25	19	5000	1	2013-11-09 22:39:14.93229	2013-11-09 22:39:14.93229
925	21	25	20	5000	1	2013-11-09 22:39:14.937788	2013-11-09 22:39:14.937788
926	17	25	21	3800	1	2013-11-09 22:39:14.944886	2013-11-09 22:39:14.944886
927	20	25	22	3800	1	2013-11-09 22:39:14.960426	2013-11-09 22:39:14.960426
928	19	25	23	3800	1	2013-11-09 22:39:14.966527	2013-11-09 22:39:14.966527
929	11	25	24	2800	1	2013-11-09 22:39:14.973023	2013-11-09 22:39:14.973023
930	10	25	25	2800	1	2013-11-09 22:39:14.983216	2013-11-09 22:39:14.983216
931	14	25	26	2800	1	2013-11-09 22:39:14.989374	2013-11-09 22:39:14.989374
932	6	25	27	2800	1	2013-11-09 22:39:14.999245	2013-11-09 22:39:14.999245
933	7	25	28	1150	1	2013-11-09 22:39:15.005348	2013-11-09 22:39:15.005348
934	53	25	29	0	0	2013-11-09 22:39:15.01717	2013-11-09 22:39:15.01717
935	52	25	30	0	0	2013-11-09 22:39:15.023053	2013-11-09 22:39:15.023053
936	83	25	31	0	0	2013-11-09 22:39:15.03106	2013-11-09 22:39:15.03106
937	28	25	32	0	0	2013-11-09 22:39:15.036405	2013-11-09 22:39:15.036405
938	56	25	33	0	0	2013-11-09 22:39:15.050437	2013-11-09 22:39:15.050437
939	58	25	34	0	0	2013-11-09 22:39:15.056546	2013-11-09 22:39:15.056546
940	49	25	35	0	0	2013-11-09 22:39:15.064688	2013-11-09 22:39:15.064688
941	59	25	36	0	0	2013-11-09 22:39:15.078169	2013-11-09 22:39:15.078169
942	60	25	37	0	0	2013-11-09 22:39:15.084071	2013-11-09 22:39:15.084071
943	62	25	38	0	0	2013-11-09 22:39:15.089629	2013-11-09 22:39:15.089629
944	64	25	39	0	0	2013-11-09 22:39:15.095122	2013-11-09 22:39:15.095122
945	65	25	40	0	0	2013-11-09 22:39:15.107006	2013-11-09 22:39:15.107006
946	68	25	41	0	0	2013-11-09 22:39:15.113532	2013-11-09 22:39:15.113532
947	70	25	42	0	0	2013-11-09 22:39:15.119111	2013-11-09 22:39:15.119111
948	75	25	43	0	0	2013-11-09 22:39:15.124521	2013-11-09 22:39:15.124521
949	61	25	44	0	0	2013-11-09 22:39:15.136299	2013-11-09 22:39:15.136299
950	86	25	45	0	0	2013-11-09 22:39:15.142884	2013-11-09 22:39:15.142884
951	46	25	46	0	0	2013-11-09 22:39:15.151461	2013-11-09 22:39:15.151461
952	48	25	47	0	0	2013-11-09 22:39:15.166433	2013-11-09 22:39:15.166433
953	77	25	48	0	0	2013-11-09 22:39:15.174755	2013-11-09 22:39:15.174755
954	79	25	49	0	0	2013-11-09 22:39:15.182571	2013-11-09 22:39:15.182571
955	66	25	50	0	0	2013-11-09 22:39:15.188147	2013-11-09 22:39:15.188147
956	80	25	51	0	0	2013-11-09 22:39:15.202096	2013-11-09 22:39:15.202096
957	82	25	52	0	0	2013-11-09 22:39:15.208455	2013-11-09 22:39:15.208455
958	84	25	53	0	0	2013-11-09 22:39:15.21403	2013-11-09 22:39:15.21403
959	55	25	54	0	0	2013-11-09 22:39:15.223832	2013-11-09 22:39:15.223832
960	29	25	55	0	0	2013-11-09 22:39:15.231938	2013-11-09 22:39:15.231938
961	88	25	56	0	0	2013-11-09 22:39:15.237396	2013-11-09 22:39:15.237396
962	39	25	57	0	0	2013-11-09 22:39:15.243806	2013-11-09 22:39:15.243806
963	71	25	58	0	0	2013-11-09 22:39:15.249344	2013-11-09 22:39:15.249344
964	37	25	59	0	0	2013-11-09 22:39:15.261365	2013-11-09 22:39:15.261365
965	45	25	60	0	0	2013-11-09 22:39:15.271663	2013-11-09 22:39:15.271663
966	44	25	61	0	0	2013-11-09 22:39:15.280291	2013-11-09 22:39:15.280291
967	27	25	62	0	0	2013-11-09 22:39:15.295963	2013-11-09 22:39:15.295963
968	87	25	63	0	0	2013-11-09 22:39:15.311194	2013-11-09 22:39:15.311194
969	73	25	64	0	0	2013-11-09 22:39:15.323418	2013-11-09 22:39:15.323418
970	32	25	65	0	0	2013-11-09 22:39:15.328495	2013-11-09 22:39:15.328495
971	54	25	66	0	0	2013-11-09 22:39:15.333535	2013-11-09 22:39:15.333535
972	69	25	67	0	0	2013-11-09 22:39:15.338797	2013-11-09 22:39:15.338797
973	22	25	68	0	0	2013-11-09 22:39:15.344413	2013-11-09 22:39:15.344413
974	38	25	69	0	0	2013-11-09 22:39:15.356035	2013-11-09 22:39:15.356035
975	26	25	70	0	0	2013-11-09 22:39:15.363841	2013-11-09 22:39:15.363841
976	47	25	71	0	0	2013-11-09 22:39:15.370916	2013-11-09 22:39:15.370916
977	74	25	72	0	0	2013-11-09 22:39:15.385068	2013-11-09 22:39:15.385068
978	43	25	73	0	0	2013-11-09 22:39:15.391847	2013-11-09 22:39:15.391847
979	31	25	74	0	0	2013-11-09 22:39:15.402	2013-11-09 22:39:15.402
980	34	25	75	0	0	2013-11-09 22:39:15.419011	2013-11-09 22:39:15.419011
981	85	25	76	0	0	2013-11-09 22:39:15.425124	2013-11-09 22:39:15.425124
982	81	25	77	0	0	2013-11-09 22:39:15.440632	2013-11-09 22:39:15.440632
983	72	25	78	0	0	2013-11-09 22:39:15.496095	2013-11-09 22:39:15.496095
984	18	25	79	0	0	2013-11-09 22:39:15.511514	2013-11-09 22:39:15.511514
985	63	25	80	0	0	2013-11-09 22:39:15.520289	2013-11-09 22:39:15.520289
986	36	25	81	0	0	2013-11-09 22:39:15.532677	2013-11-09 22:39:15.532677
987	30	25	82	0	0	2013-11-09 22:39:15.542405	2013-11-09 22:39:15.542405
988	57	25	83	0	0	2013-11-09 22:39:15.547972	2013-11-09 22:39:15.547972
989	67	25	84	0	0	2013-11-09 22:39:15.55386	2013-11-09 22:39:15.55386
990	40	25	85	0	0	2013-11-09 22:39:15.569217	2013-11-09 22:39:15.569217
991	50	25	86	0	0	2013-11-09 22:39:15.576002	2013-11-09 22:39:15.576002
992	76	25	87	0	0	2013-11-09 22:39:15.585025	2013-11-09 22:39:15.585025
993	42	25	88	0	0	2013-11-09 22:39:15.600252	2013-11-09 22:39:15.600252
\.


--
-- Name: rankings_id_seq; Type: SEQUENCE SET; Schema: public; Owner: daniel
--

SELECT pg_catalog.setval('rankings_id_seq', 993, true);


--
-- Data for Name: schema_migrations; Type: TABLE DATA; Schema: public; Owner: daniel
--

COPY schema_migrations (version) FROM stdin;
20131023205953
20130930214623
20131019200842
20131019231406
20131008081229
20131018165200
20131019143237
20131019230809
20131019191342
20131015232541
20131015172046
20131003223209
20131001190657
20131006180711
20131002214320
20131020172502
20130930222944
20131002221350
20130930193505
20131003212020
20131002215952
20131030213859
20131030221406
20131102115846
20131104203324
20131107220038
20131108225913
20131108230012
20131112122303
\.


--
-- Data for Name: tournaments; Type: TABLE DATA; Schema: public; Owner: daniel
--

COPY tournaments (id, name, start_date, final_date, deadline, entry_fee, number_of_players, club_id, alternate_club_id, max_points, created_at, updated_at, finished, header_image_file_name, header_image_content_type, header_image_file_size, header_image_updated_at) FROM stdin;
1	Pot Black Århus	2010-08-13 10:00:00	2010-08-27 10:00:00	2010-08-26 13:00:00	200	\N	5	\N	10000	2013-11-04 21:36:03.652683	2013-11-04 21:36:03.652683	1	\N	\N	\N	\N
2	Sjælland Open 2010	2010-09-25 10:00:00	2010-10-09 10:00:00	2010-10-08 13:00:00	200	\N	3	\N	10000	2013-11-04 21:36:03.652683	2013-11-04 21:36:03.652683	1	\N	\N	\N	\N
3	Jylland Open 2011	2011-01-15 10:00:00	2011-01-29 10:00:00	2011-01-28 13:00:00	200	\N	4	\N	10000	2013-11-04 21:36:03.652683	2013-11-04 21:36:03.652683	1	\N	\N	\N	\N
4	Fyn Open 2011	2011-02-19 10:00:00	2011-03-05 10:00:00	2011-03-04 13:00:00	200	\N	2	\N	10000	2013-11-04 21:36:03.652683	2013-11-04 21:36:03.652683	1	\N	\N	\N	\N
5	Søren Søgaard Cup 2011	2011-03-26 10:00:00	2011-04-09 10:00:00	2011-04-08 13:00:00	200	\N	2	\N	10000	2013-11-04 21:36:03.652683	2013-11-04 21:36:03.652683	1	\N	\N	\N	\N
6	DM 2010/2011	2011-04-23 10:00:00	2011-05-07 10:00:00	2011-05-06 13:00:00	200	\N	3	\N	15000	2013-11-04 21:36:03.652683	2013-11-04 21:36:03.652683	1	\N	\N	\N	\N
7	Fyn Open 2011/2012	2011-09-03 10:00:00	2011-09-17 10:00:00	2011-09-16 13:00:00	200	\N	2	\N	10000	2013-11-04 21:36:03.652683	2013-11-04 21:36:03.652683	1	\N	\N	\N	\N
8	DM 2011/2012	2011-10-03 10:00:00	2011-10-17 10:00:00	2011-10-16 13:00:00	200	\N	3	\N	15000	2013-11-04 21:36:03.652683	2013-11-04 21:36:03.652683	1	\N	\N	\N	\N
9	Nordjylland Open 2011	2011-11-12 10:00:00	2011-11-26 10:00:00	2011-11-25 13:00:00	200	\N	6	\N	10000	2013-11-04 21:36:03.652683	2013-11-04 21:36:03.652683	1	\N	\N	\N	\N
10	Esbjerg Open 2012	2012-01-21 10:00:00	2012-02-04 10:00:00	2012-02-03 13:00:00	200	\N	4	\N	10000	2013-11-04 21:36:03.652683	2013-11-04 21:36:03.652683	1	\N	\N	\N	\N
11	Søren Søgaard Cup 2012	2012-03-24 10:00:00	2012-04-07 10:00:00	2012-04-06 13:00:00	200	\N	2	\N	10000	2013-11-04 21:36:03.652683	2013-11-04 21:36:03.652683	1	\N	\N	\N	\N
12	Sjælland Open 2012	2012-04-14 10:00:00	2012-04-28 10:00:00	2012-04-27 13:00:00	200	\N	3	\N	10000	2013-11-04 21:36:03.652683	2013-11-04 21:36:03.652683	1	\N	\N	\N	\N
13	Fyn Open 2012	2012-09-08 10:00:00	2012-09-22 10:00:00	2012-09-21 13:00:00	200	\N	2	\N	10000	2013-11-04 21:36:03.652683	2013-11-04 21:36:03.652683	1	\N	\N	\N	\N
14	Sjælland Open 2012	2012-10-13 10:00:00	2012-10-27 10:00:00	2012-10-26 13:00:00	200	\N	3	\N	10000	2013-11-04 21:36:03.652683	2013-11-04 21:36:03.652683	1	\N	\N	\N	\N
15	Nordjylland Open 2012	2012-11-10 10:00:00	2012-11-24 10:00:00	2012-11-23 13:00:00	200	\N	6	\N	10000	2013-11-04 21:36:03.652683	2013-11-04 21:36:03.652683	1	\N	\N	\N	\N
16	Esbjerg Open 2013	2013-01-19 10:00:00	2013-02-02 10:00:00	2013-02-01 13:00:00	200	\N	4	\N	10000	2013-11-04 21:36:03.652683	2013-11-04 21:36:03.652683	1	\N	\N	\N	\N
17	København Cup 2013	2013-02-16 10:00:00	2013-03-02 10:00:00	2013-03-01 13:00:00	200	\N	1	\N	10000	2013-11-04 21:36:03.652683	2013-11-04 21:36:03.652683	1	\N	\N	\N	\N
18	DM 2012 / 2013	2013-04-13 10:00:00	2013-04-27 10:00:00	2013-04-26 13:00:00	200	\N	6	\N	15000	2013-11-04 21:36:03.652683	2013-11-04 21:36:03.652683	1	\N	\N	\N	\N
19	Frederiksberg Cup 2013	2013-08-31 10:00:00	2013-09-14 10:00:00	2013-09-13 13:00:00	200	\N	1	\N	10000	2013-11-04 21:36:03.652683	2013-11-04 21:36:03.652683	1	\N	\N	\N	\N
20	Fyn Open 2013	2013-09-28 10:00:00	2013-10-12 10:00:00	2013-10-11 13:00:00	200	\N	2	\N	10000	2013-11-04 21:36:03.652683	2013-11-04 21:36:03.652683	1	\N	\N	\N	\N
21	Fest test	2013-12-05 12:00:00	2013-12-10 12:00:00	2013-11-01 12:35:00	200	\N	6	4	10000	2013-11-05 12:36:34.437864	2013-11-05 12:42:25.77757	1	\N	\N	\N	\N
22	Test Hest	2013-12-09 13:00:00	2013-12-13 13:00:00	2013-11-09 13:51:00	200	\N	1	\N	10000	2013-11-09 13:51:44.583881	2013-11-09 13:52:51.468969	1	\N	\N	\N	\N
23	Ranking Test	2013-11-12 13:00:00	2013-11-15 13:00:00	2013-11-09 13:56:00	200	\N	1	\N	10000	2013-11-09 13:56:40.704031	2013-11-09 13:57:05.60817	1	\N	\N	\N	\N
24	Rank2 Test	2013-11-12 14:00:00	2013-11-18 14:00:00	2013-11-09 14:02:00	200	\N	1	\N	10000	2013-11-09 14:03:16.680807	2013-11-09 14:03:38.710168	1	\N	\N	\N	\N
25	Long tour	2014-11-09 14:00:00	2014-11-16 14:00:00	2013-11-09 14:06:00	200	\N	1	\N	10000	2013-11-09 14:06:48.58438	2013-11-09 14:07:09.345576	1	\N	\N	\N	\N
26	ReglementTest	2013-12-09 22:00:00	2013-12-14 22:00:00	2013-11-09 22:33:00	200	\N	1	\N	10000	2013-11-09 22:33:36.92277	2013-11-09 22:39:13.780652	1	\N	\N	\N	\N
27	Next Hest	2014-02-11 21:00:00	2014-06-11 21:00:00	2014-01-01 21:21:00	200	\N	1	\N	10000	2013-11-11 21:21:31.374306	2014-01-06 17:33:57.837721	0	\N	\N	\N	\N
\.


--
-- Name: tournaments_id_seq; Type: SEQUENCE SET; Schema: public; Owner: daniel
--

SELECT pg_catalog.setval('tournaments_id_seq', 28, true);


--
-- Data for Name: users; Type: TABLE DATA; Schema: public; Owner: daniel
--

COPY users (id, username, email, is_valid, user_level, created_at, updated_at, password_digest, remember_token, player_id, reset_token, reset_sent_at) FROM stdin;
4	mogens	mogens@hoe.dk	f	0	2014-01-06 17:25:25.40598	2014-01-06 17:25:25.410271	$2a$10$KlgalF0L3VYMdYmdB8TtvOl8BFhYFO6KCocUy9hR552Kqp7dqTJQ.	5d2666413c8ad3d3762344c025d5f17b18c28986	\N	\N	\N
5	joe	joe@hest.dk	f	0	2014-01-10 23:20:05.159561	2014-01-10 23:20:05.208229	$2a$10$8E9tJDWhM7qFpG4KUdBE3.S6E1uyttAFUEePeeGjb4vyzJAbFcyZS	e4cbec0a239ea77c46922c005edd30a09e4a8f4b	78	\N	\N
1	daniel	danieljallov2@gmail.com	t	2	2013-11-05 12:35:29.187663	2014-03-12 23:37:10.759471	$2a$10$PKr2W18o9eDPgYda5MY41.4Mf.yRHByGQgdoMQOPX1UcZVeJ/k.4S	c7fd74673c7ecef9892c5934a638dfdfcc095907	13	27bc737e4ec749f6e82a64f4c0e94ef2ecf59e3f	2014-03-12 23:37:10
2	allan	alla@al.dk	t	1	2013-11-11 21:22:13.313056	2014-03-13 12:33:42.511942	$2a$10$xaemRLg8sOivhW6ThHmqeeh4.X1s7wLER9/iVmNwjrFSstV.lK3MC	204f792a401646e8c4d94f38225f0bf674a03576	2	355efd5eb52d857c7d52fa89e17d1d8073cc1bb1	2014-03-13 12:33:42
\.


--
-- Name: users_id_seq; Type: SEQUENCE SET; Schema: public; Owner: daniel
--

SELECT pg_catalog.setval('users_id_seq', 5, true);


--
-- Name: clubs_pkey; Type: CONSTRAINT; Schema: public; Owner: daniel; Tablespace: 
--

ALTER TABLE ONLY clubs
    ADD CONSTRAINT clubs_pkey PRIMARY KEY (id);


--
-- Name: enter_pkey; Type: CONSTRAINT; Schema: public; Owner: daniel; Tablespace: 
--

ALTER TABLE ONLY enter
    ADD CONSTRAINT enter_pkey PRIMARY KEY (id);


--
-- Name: enters_pkey; Type: CONSTRAINT; Schema: public; Owner: daniel; Tablespace: 
--

ALTER TABLE ONLY enters
    ADD CONSTRAINT enters_pkey PRIMARY KEY (id);


--
-- Name: high_breaks_pkey; Type: CONSTRAINT; Schema: public; Owner: daniel; Tablespace: 
--

ALTER TABLE ONLY high_breaks
    ADD CONSTRAINT high_breaks_pkey PRIMARY KEY (id);


--
-- Name: players_pkey; Type: CONSTRAINT; Schema: public; Owner: daniel; Tablespace: 
--

ALTER TABLE ONLY players
    ADD CONSTRAINT players_pkey PRIMARY KEY (id);


--
-- Name: profiles_pkey; Type: CONSTRAINT; Schema: public; Owner: daniel; Tablespace: 
--

ALTER TABLE ONLY profiles
    ADD CONSTRAINT profiles_pkey PRIMARY KEY (id);


--
-- Name: rankings_pkey; Type: CONSTRAINT; Schema: public; Owner: daniel; Tablespace: 
--

ALTER TABLE ONLY rankings
    ADD CONSTRAINT rankings_pkey PRIMARY KEY (id);


--
-- Name: tournaments_pkey; Type: CONSTRAINT; Schema: public; Owner: daniel; Tablespace: 
--

ALTER TABLE ONLY tournaments
    ADD CONSTRAINT tournaments_pkey PRIMARY KEY (id);


--
-- Name: users_pkey; Type: CONSTRAINT; Schema: public; Owner: daniel; Tablespace: 
--

ALTER TABLE ONLY users
    ADD CONSTRAINT users_pkey PRIMARY KEY (id);


--
-- Name: index_enter_on_player_id; Type: INDEX; Schema: public; Owner: daniel; Tablespace: 
--

CREATE INDEX index_enter_on_player_id ON enter USING btree (player_id);


--
-- Name: index_enter_on_player_id_and_tournament_id; Type: INDEX; Schema: public; Owner: daniel; Tablespace: 
--

CREATE UNIQUE INDEX index_enter_on_player_id_and_tournament_id ON enter USING btree (player_id, tournament_id);


--
-- Name: index_enter_on_tournament_id; Type: INDEX; Schema: public; Owner: daniel; Tablespace: 
--

CREATE INDEX index_enter_on_tournament_id ON enter USING btree (tournament_id);


--
-- Name: index_enters_on_player_id; Type: INDEX; Schema: public; Owner: daniel; Tablespace: 
--

CREATE INDEX index_enters_on_player_id ON enters USING btree (player_id);


--
-- Name: index_enters_on_player_id_and_tournament_id; Type: INDEX; Schema: public; Owner: daniel; Tablespace: 
--

CREATE UNIQUE INDEX index_enters_on_player_id_and_tournament_id ON enters USING btree (player_id, tournament_id);


--
-- Name: index_enters_on_tournament_id; Type: INDEX; Schema: public; Owner: daniel; Tablespace: 
--

CREATE INDEX index_enters_on_tournament_id ON enters USING btree (tournament_id);


--
-- Name: index_users_on_email; Type: INDEX; Schema: public; Owner: daniel; Tablespace: 
--

CREATE UNIQUE INDEX index_users_on_email ON users USING btree (email);


--
-- Name: index_users_on_remember_token; Type: INDEX; Schema: public; Owner: daniel; Tablespace: 
--

CREATE INDEX index_users_on_remember_token ON users USING btree (remember_token);


--
-- Name: index_users_on_username; Type: INDEX; Schema: public; Owner: daniel; Tablespace: 
--

CREATE UNIQUE INDEX index_users_on_username ON users USING btree (username);


--
-- Name: unique_schema_migrations; Type: INDEX; Schema: public; Owner: daniel; Tablespace: 
--

CREATE UNIQUE INDEX unique_schema_migrations ON schema_migrations USING btree (version);


--
-- Name: public; Type: ACL; Schema: -; Owner: postgres
--

REVOKE ALL ON SCHEMA public FROM PUBLIC;
REVOKE ALL ON SCHEMA public FROM postgres;
GRANT ALL ON SCHEMA public TO postgres;
GRANT ALL ON SCHEMA public TO PUBLIC;


--
-- PostgreSQL database dump complete
--

